statecode,statename,distnew_1,nfhs1_districtname,districtcode_nfhs1,distnew_2,nfhs2_districtname,districtcode_nfhs2,state_nfhs5,name_nfhs5,distnew_4,nfhs4_districtname,districtcode_nfhs4,distnew_5,nfhs5_districtname,districtcode_nfhs5,state_sbm,district_sbm,,,,,,,,,,,,,,
2,andhra pradesh,1477,SRIKAKULAM,1,1477,SRIKAKULAM,1,126,andhra pradesh,1477,srikakulam,542,1477,srikakulam,542,ANDHRA PRADESH,SRIKAKULAM,,,,,,,,,,,,,,
2,andhra pradesh,1478,VIZIANAGARAM,2,1478,VIZIANAGARAM,2,126,andhra pradesh,1478,vizianagaram,543,1478,vizianagaram,543,ANDHRA PRADESH,VIZIANAGARAM,,,,,,,,,,,,,,
2,andhra pradesh,1479,VISAKHAPATNAM,3,1479,VISAKHAPATNAM,3,126,andhra pradesh,1479,visakhapatnam,544,1479,visakhapatnam,544,ANDHRA PRADESH,VISAKHAPATNAM,,,,,,,,,,,,,,
2,andhra pradesh,1480,EAST GODAVARI,4,1480,EAST GODAVARI,4,126,andhra pradesh,1480,east godavari,545,1480,east godavari,545,ANDHRA PRADESH,EAST GODAVARI,,,,,,,,,,,,,,
2,andhra pradesh,1481,WEST GODAVARI,5,1481,WEST GODAVARI,5,126,andhra pradesh,1481,west godavari,546,1481,west godavari,546,ANDHRA PRADESH,WEST GODAVARI,,,,,,,,,,,,,,
2,andhra pradesh,1482,KRISHNA,6,1482,KRISHNA,6,126,andhra pradesh,1482,krishna,547,1482,krishna,547,ANDHRA PRADESH,KRISHNA,,,,,,,,,,,,,,
2,andhra pradesh,1483,GUNTUR,7,1483,GUNTUR,7,126,andhra pradesh,1483,guntur,548,1483,guntur,548,ANDHRA PRADESH,GUNTUR,,,,,,,,,,,,,,
2,andhra pradesh,1484,PRAKASAM,8,1484,PRAKASAM,8,126,andhra pradesh,1484,prakasam,549,1484,prakasam,549,ANDHRA PRADESH,PRAKASAM,,,,,,,,,,,,,,
2,andhra pradesh,1485,NELLORE,9,1485,NELLORE,9,126,andhra pradesh,1485,sri potti sriramulu nellore,550,1485,sri potti sriram,550,ANDHRA PRADESH,NELLORE,,,,,,,,,,,,,,
2,andhra pradesh,1489,CHITTOOR,10,1489,CHITTOOR,10,126,andhra pradesh,1489,chittoor,554,1489,chittoor,554,ANDHRA PRADESH,CHITTOOR,,,,,,,,,,,,,,
2,andhra pradesh,1486,CUDDAPAH,11,1486,CUDDAPAH,11,126,andhra pradesh,1486,y.s.r.,551,1486,y.s.r.,551,ANDHRA PRADESH,CUDDAPAH,,,,,,,,,,,,,,
2,andhra pradesh,1488,ANANTAPUR,12,1488,ANANTAPUR,12,126,andhra pradesh,1488,anantapur,553,1488,anantapur,553,ANDHRA PRADESH,ANANTAPUR,,,,,,,,,,,,,,
2,andhra pradesh,1487,KURNOOL,13,1487,KURNOOL,13,126,andhra pradesh,1487,kurnool,552,1487,kurnool,552,ANDHRA PRADESH,KURNOOL,,,,,,,,,,,,,,
2,andhra pradesh,1634,MAHBUBNAGAR,14,1634,MAHBUBNAGAR,14,134,telangana,1634,mahbubnagar,538,1634,jogulamba gadwal,889,TELANGANA,JOGULAMBA GADWAL,,,,,,,,,,,,,,
,,,,,,,,134,telangana,,,,1634,nagarkurnool,899,TELANGANA,NAGARKURNOOL,,,,,,,,,,,,,,
,,,,,,,,134,telangana,,,,1634,wanaparthy,910,TELANGANA,WANAPARTHY,,,,,,,,,,,,,,
,,,,,,,,134,telangana,,,,1634,mahabubnagar,895,TELANGANA,MAHBUBNAGAR,,,,,,,,,,,,,,
2,andhra pradesh,,,,1630,RANGAREDDY,15,134,telangana,1630,rangareddy,537,1630,medchal-malkajgi,898,TELANGANA,MEDCHAL,,,,,,,,,,,,,,
,,,,,,,,134,telangana,,,,1630,vikarabad,909,TELANGANA,VIKARABAD,,,,,,,,,,,,,,
,,,,,,,,134,telangana,,,,1630,ranga reddy,905,TELANGANA,RANGAREDDI,,,,,,,,,,,,,,
2,andhra pradesh,1631,HYDERABAD,16,1631,HYDERABAD,16,134,telangana,1631,hyderabad,536,1631,hyderabad,885,TELANGANA,0,,,,,,,,,,,,,,
2,andhra pradesh,1632,MEDAK,17,1632,MEDAK,17,134,telangana,1632,medak,535,1632,medak,897,TELANGANA,MEDAK,,,,,,,,,,,,,,
2,andhra pradesh,1635,NIZAMABAD,18,1635,NIZAMABAD,18,134,telangana,1635,nizamabad,533,1635,kamareddy,890,TELANGANA,KAMAREDDY,,,,,,,,,,,,,,
,,,,,,,,134,telangana,,,,1635,nizamabad,902,TELANGANA,NIZAMABAD,,,,,,,,,,,,,,
2,andhra pradesh,1629,ADILABAD,19,1629,ADILABAD,19,134,telangana,1629,adilabad,532,1629,komaram bheem as,893,TELANGANA,KOMARAM BHEEM ASIFABAD,,,,,,,,,,,,,,
,,,,,,,,134,telangana,,,,1629,mancherial,896,TELANGANA,MANCHERIAL,,,,,,,,,,,,,,
,,,,,,,,134,telangana,,,,1629,nirmal,901,TELANGANA,NIRMAL,,,,,,,,,,,,,,
,,,,,,,,134,telangana,,,,1629,adilabad,883,TELANGANA,ADILABAD,,,,,,,,,,,,,,
2,andhra pradesh,1629,KARIMNAGAR,20,1629,KARIMNAGAR,20,134,telangana,1629,karimnagar,534,1629,jagitial,886,TELANGANA,JAGTIAL,,,,,,,,,,,,,,
,,,,,,,,134,telangana,,,,1629,jayashankar bhup,888,TELANGANA,JAYASHANKAR BHUPALAPALLY,,,,,,,,,,,,,,
,,,,,,,,134,telangana,,,,1629,mahabubabad,894,TELANGANA,MAHABUBABAD,,,,,,,,,,,,,,
,,,,,,,,134,telangana,,,,1629,jangoan,887,TELANGANA,JANGAON,,,,,,,,,,,,,,
,,,,,,,,134,telangana,,,,1629,karimnagar,891,TELANGANA,KARIMNAGAR,,,,,,,,,,,,,,
2,andhra pradesh,1629,WARANGAL,21,1629,WARANGAL,21,134,telangana,1629,warangal,540,1629,warangal rural,911,TELANGANA,WARANGAL RURAL,,,,,,,,,,,,,,
,,,,,,,,134,telangana,,,,1629,warangal urban,912,TELANGANA,WARANGAL,,,,,,,,,,,,,,
2,andhra pradesh,1629,KHAMMAM,22,1629,KHAMMAM,22,134,telangana,1629,khammam,541,1629,bhadradri kothag,884,TELANGANA,BADRADRI KOTHAGUDEM,,,,,,,,,,,,,,
,,,,,,,,134,telangana,,,,1629,khammam,892,TELANGANA,KHAMMAM,,,,,,,,,,,,,,
2,andhra pradesh,1629,NALGONDA,23,1629,NALGONDA,23,134,telangana,1629,nalgonda,539,1629,nalgonda,900,TELANGANA,NALGONDA,,,,,,,,,,,,,,
,,,,,,,,134,telangana,,,,1629,peddapalli,903,TELANGANA,PEDDAPALLI,,,,,,,,,,,,,,
,,,,,,,,134,telangana,,,,1629,rajanna sircilla,904,TELANGANA,RAJANNA SIRICILLA,,,,,,,,,,,,,,
,,,,,,,,134,telangana,,,,1629,sangareddy,906,TELANGANA,SANGAREDDY,,,,,,,,,,,,,,
,,,,,,,,134,telangana,,,,1629,siddipet,907,TELANGANA,SIDDIPET,,,,,,,,,,,,,,
,,,,,,,,134,telangana,,,,1629,suryapet,908,TELANGANA,SURYAPET,,,,,,,,,,,,,,
,,,,,,,,134,telangana,,,,1629,yadadri bhuvanag,913,TELANGANA,YADADRI,,,,,,,,,,,,,,
3,assam,1587,Dhubri,1,1587,Dhubri,1,117,assam,1587,dhubri,301,1587,dhubri,812,ASSAM,DHUBRI,,,,,,,,,,,,,,
,,,,,,,,117,assam,,,,1587,south salmara ma,820,ASSAM,SOUTH SALMARA MANCACHAR,,,,,,,,,,,,,,
3,assam,1272,Bongaigaon,3,1272,Bongaigaon,3,117,assam,1272,bongaigaon,319,1272,bongaigaon,319,ASSAM,BONGAIGAON,,,,,,,,,,,,,,
,,,,,,,,117,assam,1272,kokrajhar,300,1272,kokrajhar,300,ASSAM,KOKRAJHAR,,,,,,,,,,,,,,
,,,,,,,,117,assam,1272,chirang,320,1272,chirang,320,ASSAM,CHIRANG,,,,,,,,,,,,,,
3,assam,1272,Barpeta,5,1272,Barpeta,5,117,assam,1272,barpeta,303,1272,barpeta,303,ASSAM,BARPETA,,,,,,,,,,,,,,
3,assam,1272,Nalbari,6,1272,Nalbari,6,117,assam,1272,nalbari,323,1272,nalbari,323,ASSAM,NALBARI,,,,,,,,,,,,,,
3,assam,1272,Kamrup,7,1272,Kamrup,7,117,assam,1272,kamrup,321,1272,kamrup,321,ASSAM,KAMRUP,,,,,,,,,,,,,,
,,,,,,,,117,assam,1272,kamrup metropolitan,322,1272,kamrup metropoli,322,ASSAM,KAMRUP METROPOLITAN,,,,,,,,,,,,,,
,,,,,,,,117,assam,1272,baksa,324,1272,baksa,324,ASSAM,BAKSA,,,,,,,,,,,,,,
3,assam,1271,Goalpara,4,1271,Goalpara,4,117,assam,1271,goalpara,302,1271,goalpara,302,ASSAM,GOALPARA,,,,,,,,,,,,,,
3,assam,,,,1585,Darrang,8,117,assam,1585,darrang,325,1585,darrang,325,ASSAM,DARRANG,,,,,,,,,,,,,,
3,assam,1585,Sonitpur,9,1585,Sonitpur,9,117,assam,1585,sonitpur,306,1585,biswanath,810,ASSAM,BISWANATH,,,,,,,,,,,,,,
,,,,,,,,117,assam,,,,1585,sonitpur,819,ASSAM,SONITPUR,,,,,,,,,,,,,,
,,,,,,,,117,assam,1585,udalguri,326,1585,udalguri,326,ASSAM,UDALGURI,,,,,,,,,,,,,,
3,assam,1274,Lakhimpur,10,1274,Lakhimpur,10,117,assam,1274,lakhimpur,307,1274,lakhimpur,307,ASSAM,LAKHIMPUR,,,,,,,,,,,,,,
3,assam,1275,Dhemaji,11,1275,Dhemaji,11,117,assam,1275,dhemaji,308,1275,dhemaji,308,ASSAM,DHEMAJI,,,,,,,,,,,,,,
3,assam,1273,Marigaon,12,1273,Marigaon,12,117,assam,1273,morigaon,304,1273,morigaon,304,ASSAM,MORIGAON,,,,,,,,,,,,,,
3,assam,1588,Nagaon,13,1588,Nagaon,13,117,assam,1588,nagaon,305,1588,hojai,813,ASSAM,HOJAI,,,,,,,,,,,,,,
,,,,,,,,117,assam,,,,1588,nagaon,817,ASSAM,NAGAON,,,,,,,,,,,,,,
3,assam,1278,Golaghat,14,1278,Golaghat,14,117,assam,1278,golaghat,313,1278,golaghat,313,ASSAM,GOLAGHAT,,,,,,,,,,,,,,
3,assam,1589,Jorhat,15,1589,Jorhat,15,117,assam,1589,jorhat,312,1589,majuli,816,ASSAM,MAJULI,,,,,,,,,,,,,,
,,,,,,,,117,assam,,,,1589,jorhat,814,ASSAM,JORHAT,,,,,,,,,,,,,,
3,assam,1586,Sibsagar,16,1586,Sibsagar,16,117,assam,1586,sivasagar,311,1586,charaideo,811,ASSAM,CHARAIDEO,,,,,,,,,,,,,,
,,,,,,,,117,assam,,,,1586,sivasagar,818,ASSAM,SIVASAGAR,,,,,,,,,,,,,,
3,assam,1277,Dibrugarh,17,1277,Dibrugarh,17,117,assam,1277,dibrugarh,310,1277,dibrugarh,310,ASSAM,DIBRUGARH,,,,,,,,,,,,,,
3,assam,1276,Tinsukia,18,1276,Tinsukia,18,117,assam,1276,tinsukia,309,1276,tinsukia,309,ASSAM,TINSUKIA,,,,,,,,,,,,,,
3,assam,1590,Karbi Anglong,19,1590,Karbi Anglong,19,117,assam,1590,karbi anglong,314,1590,karbi anglong,815,ASSAM,KARBI ANGLONG,,,,,,,,,,,,,,
,,,,,,,,117,assam,,,,1590,west karbi anglo,821,ASSAM,WEST KARBI ANGLONG,,,,,,,,,,,,,,
3,assam,1281,Karimganj,21,1281,Karimganj,21,117,assam,1281,karimganj,317,1281,karimganj,317,ASSAM,KARIMGANJ,,,,,,,,,,,,,,
3,assam,1282,Hailakandi,22,,,,117,assam,1282,hailakandi,318,1282,hailakandi,318,ASSAM,HAILAKANDI,,,,,,,,,,,,,,
3,assam,1280,Cachar,23,1280,Cachar,23,117,assam,1280,cachar,316,1280,cachar,316,ASSAM,CACHAR,,,,,,,,,,,,,,
,,,,,,,,117,assam,1279,dima hasao,315,1279,dima hasao,315,ASSAM,DIMA HASAO,,,,,,,,,,,,,,
4,bihar,1212,Patna,1,1212,Patna,1,109,bihar,1212,patna,230,1212,patna,230,BIHAR,PATNA,,,,,,,,,,,,,,
4,bihar,1211,Nalanda,2,1211,Nalanda,2,109,bihar,1211,nalanda,229,1211,nalanda,229,BIHAR,NALANDA,,,,,,,,,,,,,,
4,bihar,1213,Bhojpur,3,1213,Bhojpur,3,109,bihar,1213,bhojpur,231,1213,bhojpur,231,BIHAR,BHOJPUR,,,,,,,,,,,,,,
,,,,,,,,109,bihar,1213,buxar,232,1213,buxar,232,BIHAR,BUXAR,,,,,,,,,,,,,,
4,bihar,1216,Rohtas,4,1216,Rohtas,4,109,bihar,1216,rohtas,234,1216,rohtas,234,BIHAR,SASARAM(ROHTAS),,,,,,,,,,,,,,
,,,,,,,,109,bihar,1216,kaimur (bhabua),233,1216,kaimur (bhabua),233,BIHAR,KAIMUR(BHABUA),,,,,,,,,,,,,,
4,bihar,,,,1217,Aurangabad,5,109,bihar,1217,aurangabad,235,1217,aurangabad,235,BIHAR,AURANGABAD,,,,,,,,,,,,,,
4,bihar,1221,Jehanabad,6,1221,Jehanabad,6,109,bihar,1221,jehanabad,239,1221,jehanabad,239,BIHAR,JEHANABAD,,,,,,,,,,,,,,
,,,,,,,,109,bihar,1221,arwal,240,1221,arwal,240,BIHAR,ARWAL,,,,,,,,,,,,,,
4,bihar,1218,Gaya,7,1218,Gaya,7,109,bihar,1218,gaya,236,1218,gaya,236,BIHAR,GAYA,,,,,,,,,,,,,,
4,bihar,1219,Nawada,8,1219,Nawada,8,109,bihar,1219,nawada,237,1219,nawada,237,BIHAR,NAWADA,,,,,,,,,,,,,,
4,bihar,1201,Saran,9,1201,Saran,9,109,bihar,1201,saran,219,1201,saran,219,BIHAR,SARAN,,,,,,,,,,,,,,
4,bihar,1200,Siwan,10,1200,Siwan,10,109,bihar,1200,siwan,218,1200,siwan,218,BIHAR,SIWAN,,,,,,,,,,,,,,
4,bihar,1199,Gopalganj,11,1199,Gopalganj,11,109,bihar,1199,gopalganj,217,1199,gopalganj,217,BIHAR,GOPALGANJ,,,,,,,,,,,,,,
4,bihar,1185,Pashchim Champaran,12,1185,Pashchim Champaran,12,109,bihar,1185,pashchim champaran,203,1185,pashchim champar,203,BIHAR,PASHCHIM CHAMPARAN,,,,,,,,,,,,,,
4,bihar,1186,Purba Champaran,13,1186,Purba Champaran,13,109,bihar,1186,purba champaran,204,1186,purba champaran,204,BIHAR,PURBA CHAMPARAN,,,,,,,,,,,,,,
4,bihar,1188,Sitamarhi,14,1188,Sitamarhi,14,109,bihar,1188,sitamarhi,206,1188,sitamarhi,206,BIHAR,SITAMARHI,,,,,,,,,,,,,,
,,,,,,,,109,bihar,1188,sheohar,205,1188,sheohar,205,BIHAR,SHEOHAR,,,,,,,,,,,,,,
4,bihar,1198,Muzaffarpur,15,1198,Muzaffarpur,15,109,bihar,1198,muzaffarpur,216,1198,muzaffarpur,216,BIHAR,MUZAFFARPUR,,,,,,,,,,,,,,
4,bihar,1202,Vaishali,16,1202,Vaishali,16,109,bihar,1202,vaishali,220,1202,vaishali,220,BIHAR,VAISHALI,,,,,,,,,,,,,,
4,bihar,1204,Begusarai,17,1204,Begusarai,17,109,bihar,1204,begusarai,222,1204,begusarai,222,BIHAR,BEGUSARAI,,,,,,,,,,,,,,
4,bihar,1203,Samastipur,18,1203,Samastipur,18,109,bihar,1203,samastipur,221,1203,samastipur,221,BIHAR,SAMASTIPUR,,,,,,,,,,,,,,
4,bihar,1197,Darbhanga,19,1197,Darbhanga,19,109,bihar,1197,darbhanga,215,1197,darbhanga,215,BIHAR,DARBHANGA,,,,,,,,,,,,,,
4,bihar,1189,Madhubani,20,1189,Madhubani,20,109,bihar,1189,madhubani,207,1189,madhubani,207,BIHAR,MADHUBANI,,,,,,,,,,,,,,
4,bihar,1196,Saharsa,21,1196,Saharsa,21,109,bihar,1196,saharsa,214,1196,saharsa,214,BIHAR,SAHARSA,,,,,,,,,,,,,,
,,,,,,,,109,bihar,1196,supaul,208,1196,supaul,208,BIHAR,SUPAUL,,,,,,,,,,,,,,
4,bihar,1195,Madhepura,22,1195,Madhepura,22,109,bihar,1195,madhepura,213,1195,madhepura,213,BIHAR,MADHEPURA,,,,,,,,,,,,,,
4,bihar,1193,Purnia,23,1193,Purnia,23,109,bihar,1193,purnia,211,1193,purnia,211,BIHAR,PURNIA,,,,,,,,,,,,,,
4,bihar,,,,1193,Araria,41,109,bihar,1193,araria,209,1193,araria,209,BIHAR,ARARIA,,,,,,,,,,,,,,
4,bihar,,,,1193,Kishanganj,42,109,bihar,1193,kishanganj,210,1193,kishanganj,210,BIHAR,KISHANGANJ,,,,,,,,,,,,,,
4,bihar,1194,Katihar,24,1194,Katihar,24,109,bihar,1194,katihar,212,1194,katihar,212,BIHAR,KATIHAR,,,,,,,,,,,,,,
4,bihar,1205,Khagaria,25,1205,Khagaria,25,109,bihar,1205,khagaria,223,1205,khagaria,223,BIHAR,KHAGARIA,,,,,,,,,,,,,,
4,bihar,1208,Munger,26,1208,Munger,26,109,bihar,1208,munger,226,1208,munger,226,BIHAR,MUNGER,,,,,,,,,,,,,,
,,,,,,,,109,bihar,1208,lakhisarai,227,1208,lakhisarai,227,BIHAR,LAKHISARAI,,,,,,,,,,,,,,
,,,,,,,,109,bihar,1208,sheikhpura,228,1208,sheikhpura,228,BIHAR,SHEIKHPURA,,,,,,,,,,,,,,
,,,,,,,,109,bihar,1208,jamui,238,1208,jamui,238,BIHAR,JAMUI,,,,,,,,,,,,,,
4,bihar,1206,Bhagalpur,27,1206,Bhagalpur,27,109,bihar,1206,bhagalpur,224,1206,bhagalpur,224,BIHAR,BHAGALPUR,,,,,,,,,,,,,,
,,,,,,,,109,bihar,1206,banka,225,1206,banka,225,BIHAR,BANKA,,,,,,,,,,,,,,
4,bihar,1314,Godda,28,1314,Godda,28,119,jharkhand,1314,godda,351,1314,godda,351,JHARKAHND,GODDA,,,,,,,,,,,,,,
4,bihar,1315,Sahibganj,29,1315,Sahibganj,29,119,jharkhand,1315,sahibganj,352,1315,sahibganj,352,JHARKAHND,SAHIBGANJ,,,,,,,,,,,,,,
,,,,,,,,119,jharkhand,1315,pakur,353,1315,pakur,353,JHARKAHND,PAKUR,,,,,,,,,,,,,,
4,bihar,1325,Dumka,30,1325,Dumka,30,119,jharkhand,1325,dumka,362,1325,dumka,362,JHARKAHND,DUMKA,,,,,,,,,,,,,,
,,,,,,,,119,jharkhand,1325,jamtara,363,1325,jamtara,363,JHARKAHND,JAMTARA,,,,,,,,,,,,,,
4,bihar,1313,Deoghar,31,1313,Deoghar,31,119,jharkhand,1313,deoghar,350,1313,deoghar,350,JHARKAHND,DEOGHAR,,,,,,,,,,,,,,
4,bihar,,,,1312,Dhanbad,32,119,jharkhand,1312,dhanbad,354,1312,dhanbad,354,JHARKAHND,DHANBAD,,,,,,,,,,,,,,
4,bihar,,,,1312,Giridih,33,119,jharkhand,1312,giridih,349,1312,giridih,349,JHARKAHND,GIRIDIH,,,,,,,,,,,,,,
,,,,,,,,119,jharkhand,1312,bokaro,355,1312,bokaro,355,JHARKAHND,BOKARO,,,,,,,,,,,,,,
4,bihar,,,,1323,Hazaribag,34,119,jharkhand,1323,hazaribagh,360,1323,hazaribagh,360,JHARKAHND,HAZARIBAGH,,,,,,,,,,,,,,
,,,,,,,,119,jharkhand,1323,chatra,347,1323,chatra,347,JHARKAHND,CHATRA,,,,,,,,,,,,,,
,,,,,,,,119,jharkhand,1323,kodarma,348,1323,kodarma,348,JHARKAHND,KODERMA,,,,,,,,,,,,,,
,,,,,,,,119,jharkhand,1323,ramgarh,361,1323,ramgarh,361,JHARKAHND,RAMGARH,,,,,,,,,,,,,,
4,bihar,,,,1321,Palamu,35,119,jharkhand,1321,palamu,358,1321,palamu,358,JHARKAHND,PALAMU,,,,,,,,,,,,,,
,,,,,,,,119,jharkhand,1321,garhwa,346,1321,garhwa,346,JHARKAHND,GARHWA,,,,,,,,,,,,,,
,,,,,,,,119,jharkhand,1321,latehar,359,1321,latehar,359,JHARKAHND,LATEHAR,,,,,,,,,,,,,,
4,bihar,,,,1329,Gumla,37,119,jharkhand,1329,gumla,366,1329,gumla,366,JHARKAHND,GUMLA,,,,,,,,,,,,,,
,,,,,,,,119,jharkhand,1329,simdega,367,1329,simdega,367,JHARKAHND,SIMDEGA,,,,,,,,,,,,,,
4,bihar,,,,1327,Ranchi,38,119,jharkhand,1327,ranchi,364,1327,ranchi,364,JHARKAHND,RANCHI,,,,,,,,,,,,,,
,,,,,,,,119,jharkhand,1327,khunti,365,1327,khunti,365,JHARKAHND,KHUNTI,,,,,,,,,,,,,,
4,bihar,,,,1320,Purbi Singhbhum,39,119,jharkhand,1320,purbi singhbhum,357,1320,purbi singhbhum,357,JHARKAHND,PURBI SINGHBHUM,,,,,,,,,,,,,,
4,bihar,,,,1331,Pas. Singhbhum,40,119,jharkhand,1331,pashchimi singhbhum,368,1331,pashchimi singhb,368,JHARKAHND,PASCHIM SINGHBHUM,,,,,,,,,,,,,,
,,,,,,,,119,jharkhand,1331,saraikela kharsawan,369,1331,saraikela-kharsa,369,JHARKAHND,SERAIKELA KHARSAWAN,,,,,,,,,,,,,,
,,,,,,,,119,jharkhand,1319,lohardaga,356,1319,lohardaga,356,JHARKAHND,LOHARDAGA,,,,,,,,,,,,,,
5,goa,1520,Goa,1,1520,North Goa,1,128,goa,1520,north goa,585,1520,north goa,585,GOA,NORTH GOA,,,,,,,,,,,,,,
5,goa,,,,1520,South Goa,2,128,goa,1520,south goa,586,1520,south goa,586,GOA,SOUTH GOA,,,,,,,,,,,,,,
6,gujarat,1612,JAMNAGAR,1,1612,JAMNAGAR,1,123,gujarat,1612,jamnagar,477,1612,devbhumi dwarka,853,GUJARAT,DEVBHOOMI DWARKA,,,,,,,,,,,,,,
,,,,,,,,123,gujarat,,,,1612,jamnagar,855,GUJARAT,JAMNAGAR,,,,,,,,,,,,,,
6,gujarat,1615,RAJKOT,2,1615,RAJKOT,2,123,gujarat,1615,rajkot,476,1615,rajkot,861,GUJARAT,RAJKOT,,,,,,,,,,,,,,
6,gujarat,1615,SURENDRANAGAR,3,1615,SURENDRANAGAR,3,123,gujarat,1615,surendranagar,475,1615,surendranagar,863,GUJARAT,SURENDRANAGAR,,,,,,,,,,,,,,
,,,,,,,,123,gujarat,,,,1615,morbi,859,GUJARAT,MORBI,,,,,,,,,,,,,,
6,gujarat,1609,BHAVNAGAR,4,1609,BHAVNAGAR,4,123,gujarat,1609,bhavnagar,481,1609,bhavnagar,850,GUJARAT,BHAVNAGAR,,,,,,,,,,,,,,
,,,,,,,,123,gujarat,,,,1609,botad,851,GUJARAT,BOTAD,,,,,,,,,,,,,,
6,gujarat,1609,AMRELI,5,1609,AMRELI,5,123,gujarat,1609,amreli,480,1609,amreli,480,GUJARAT,AMRELI,,,,,,,,,,,,,,
6,gujarat,1613,JUNAGADH,6,1613,JUNAGADH,6,123,gujarat,1613,junagadh,479,1613,gir somnath,854,GUJARAT,GIR SOMNATH,,,,,,,,,,,,,,
,,,,,,,,123,gujarat,,,,1613,junagadh,856,GUJARAT,JUNAGADH,,,,,,,,,,,,,,
,,,,,,,,123,gujarat,1613,porbandar,478,1613,porbandar,478,GUJARAT,PORBANDAR,,,,,,,,,,,,,,
6,gujarat,1424,KACHCHH,7,1424,KACHCHH,7,123,gujarat,1424,kachchh,468,1424,kachchh,468,GUJARAT,KACHCHH,,,,,,,,,,,,,,
6,gujarat,1610,SABARKANTHA,9,1610,SABARKANTHA,9,123,gujarat,1610,sabarkantha,472,1610,aravali,849,GUJARAT,ARAVALLI,,,,,,,,,,,,,,
,,,,,,,,123,gujarat,,,,1610,sabar kantha,862,GUJARAT,SABAR KANTHA,,,,,,,,,,,,,,
6,gujarat,1614,BANASKANTHA,8,1614,BANASKANTHA,8,123,gujarat,1614,banaskantha,469,1614,banas kantha,469,GUJARAT,BANAS KANTHA,,,,,,,,,,,,,,
,,,,,,,,123,gujarat,1614,patan,470,1614,patan,470,GUJARAT,PATAN,,,,,,,,,,,,,,
6,gujarat,1614,MAHESANA,10,1614,MAHESANA,10,123,gujarat,1614,mahesana,471,1614,mahesana,471,GUJARAT,MEHSANA,,,,,,,,,,,,,,
6,gujarat,1614,GANDHINAGAR,11,1614,GANDHINAGAR,11,123,gujarat,1614,gandhinagar,473,1614,gandhinagar,473,GUJARAT,GANDHINAGAR,,,,,,,,,,,,,,
6,gujarat,1614,AHMADABAD,12,1614,AHMADABAD,12,123,gujarat,1614,ahmadabad,474,1614,ahmadabad,848,GUJARAT,AHMEDABAD,,,,,,,,,,,,,,
6,gujarat,1614,KHEDA,13,1614,KHEDA,13,123,gujarat,1614,kheda,483,1614,kheda,857,GUJARAT,KHEDA,,,,,,,,,,,,,,
,,,,,,,,123,gujarat,,,,1614,mahisagar,858,GUJARAT,MAHISAGAR,,,,,,,,,,,,,,
,,,,,,,,123,gujarat,1614,anand,482,1614,anand,482,GUJARAT,ANAND,,,,,,,,,,,,,,
6,gujarat,1614,PANCHMAHALS,14,1614,PANCHMAHALS,14,123,gujarat,1614,panchmahal,484,1614,panch mahals,860,GUJARAT,PANCH MAHALS,,,,,,,,,,,,,,
,,,,,,,,123,gujarat,1614,dohad,485,1614,dohad,485,GUJARAT,DAHOD,,,,,,,,,,,,,,
6,gujarat,1611,VADODARA,15,1611,VADODARA,15,123,gujarat,1611,vadodara,486,1611,chhota udaipur,852,GUJARAT,CHHOTAUDEPUR,,,,,,,,,,,,,,
,,,,,,,,123,gujarat,,,,1611,vadodara,864,GUJARAT,VADODARA,,,,,,,,,,,,,,
6,gujarat,1611,BHARUCH,16,1611,BHARUCH,16,123,gujarat,1611,bharuch,488,1611,bharuch,488,GUJARAT,BHARUCH,,,,,,,,,,,,,,
,,,,,,,,123,gujarat,1611,narmada,487,1611,narmada,487,GUJARAT,NARMADA,,,,,,,,,,,,,,
6,gujarat,1438,SURAT,17,1438,SURAT,17,123,gujarat,1438,surat,492,1438,surat,492,GUJARAT,SURAT,,,,,,,,,,,,,,
,,,,,,,,123,gujarat,1438,tapi,493,1438,tapi,493,GUJARAT,TAPI,,,,,,,,,,,,,,
6,gujarat,1437,VALSAD,18,1437,VALSAD,18,123,gujarat,1437,valsad,491,1437,valsad,491,GUJARAT,VALSAD,,,,,,,,,,,,,,
,,,,,,,,123,gujarat,1437,navsari,490,1437,navsari,490,GUJARAT,NAVSARI,,,,,,,,,,,,,,
6,gujarat,,,,1435,DANGS,19,123,gujarat,1435,the dangs,489,1435,the dangs,489,GUJARAT,DANGS,,,,,,,,,,,,,,
7,haryana,1068,AMBALA,1,1068,AMBALA,1,105,haryana,1068,ambala,70,1068,ambala,70,HARYANA,AMBALA,,,,,,,,,,,,,,
,,,,,,,,105,haryana,1068,panchkula,69,1068,panchkula,69,HARYANA,PANCHKULA,,,,,,,,,,,,,,
7,haryana,1069,YAMUNANAGAR,2,1069,YAMUNANAGAR,2,105,haryana,1069,yamunanagar,71,1069,yamunanagar,71,HARYANA,YAMUNANAGAR,,,,,,,,,,,,,,
7,haryana,1070,KURUKSHETRA,3,1070,KURUKSHETRA,3,105,haryana,1070,kurukshetra,72,1070,kurukshetra,72,HARYANA,KURUKSHETRA,,,,,,,,,,,,,,
7,haryana,1071,KAITHAL,4,1071,KAITHAL,4,105,haryana,1071,kaithal,73,1071,kaithal,73,HARYANA,KAITHAL,,,,,,,,,,,,,,
7,haryana,1072,KARNAL,5,1072,KARNAL,5,105,haryana,1072,karnal,74,1072,karnal,74,HARYANA,KARNAL,,,,,,,,,,,,,,
7,haryana,1072,PANIPAT,6,1072,PANIPAT,6,105,haryana,1072,panipat,75,1072,panipat,75,HARYANA,PANIPAT,,,,,,,,,,,,,,
7,haryana,1074,SONIPAT,7,1074,SONIPAT,7,105,haryana,1074,sonipat,76,1074,sonipat,76,HARYANA,SONIPAT,,,,,,,,,,,,,,
7,haryana,1074,ROHTAK,8,1074,ROHTAK,8,105,haryana,1074,rohtak,82,1074,rohtak,82,HARYANA,ROHTAK,,,,,,,,,,,,,,
,,,,,,,,105,haryana,1074,jhajjar,83,1074,jhajjar,83,HARYANA,JHAJJAR,,,,,,,,,,,,,,
7,haryana,1085,FARIDABAD,9,1085,FARIDABAD,9,105,haryana,1085,faridabad,88,1085,faridabad,88,HARYANA,FARIDABAD,,,,,,,,,,,,,,
,,,,,,,,105,haryana,1085,palwal,89,1085,palwal,89,HARYANA,PALWAL,,,,,,,,,,,,,,
7,haryana,1083,GURGAON,10,1083,GURGAON,10,105,haryana,1083,gurgaon,86,1083,gurgaon,86,HARYANA,GURGAON,,,,,,,,,,,,,,
,,,,,,,,105,haryana,1083,mewat,87,1083,mewat,87,HARYANA,MEWAT,,,,,,,,,,,,,,
7,haryana,1082,REWARI,11,1082,REWARI,11,105,haryana,1082,rewari,85,1082,rewari,85,HARYANA,REWARI,,,,,,,,,,,,,,
7,haryana,1081,MAHENDRAGARH,12,1081,MAHENDRAGARH,12,105,haryana,1081,mahendragarh,84,1081,mahendragarh,84,HARYANA,MAHENDRAGARH,,,,,,,,,,,,,,
7,haryana,,,,1616,BHIWANI,13,105,haryana,1616,bhiwani,81,1616,bhiwani,865,HARYANA,BHIWANI,,,,,,,,,,,,,,
,,,,,,,,105,haryana,,,,1616,charkhi dadri,866,HARYANA,CHARKI DADRI,,,,,,,,,,,,,,
7,haryana,,,,1075,JIND,14,105,haryana,1075,jind,77,1075,jind,77,HARYANA,JIND,,,,,,,,,,,,,,
7,haryana,,,,1078,HISAR,15,105,haryana,1078,hisar,80,1078,hisar,80,HARYANA,HISAR,,,,,,,,,,,,,,
,,,,,,,,105,haryana,1078,fatehabad,78,1078,fatehabad,78,HARYANA,FATEHABAD,,,,,,,,,,,,,,
7,haryana,,,,1077,SIRSA,16,105,haryana,1077,sirsa,79,1077,sirsa,79,HARYANA,SIRSA,,,,,,,,,,,,,,
8,himachal pradesh,1023,Chamba,1,1023,Chamba,1,101,himachal pradesh,1023,chamba,23,1023,chamba,23,HIMACHAL PRADESH,CHAMBA,,,,,,,,,,,,,,
8,himachal pradesh,1024,Kangra,2,1024,Kangra,2,101,himachal pradesh,1024,kangra,24,1024,kangra,24,HIMACHAL PRADESH,KANGRA,,,,,,,,,,,,,,
8,himachal pradesh,1028,Hamirpur,3,1028,Hamirpur,3,101,himachal pradesh,1028,hamirpur,28,1028,hamirpur,28,HIMACHAL PRADESH,HAMIRPUR,,,,,,,,,,,,,,
8,himachal pradesh,1029,Una,4,1029,Una,4,101,himachal pradesh,1029,una,29,1029,una,29,HIMACHAL PRADESH,UNA,,,,,,,,,,,,,,
8,himachal pradesh,1030,Bilaspur,5,1030,Bilaspur,5,101,himachal pradesh,1030,bilaspur,30,1030,bilaspur,30,HIMACHAL PRADESH,BILASPUR,,,,,,,,,,,,,,
8,himachal pradesh,1027,Mandi,6,1027,Mandi,6,101,himachal pradesh,1027,mandi,27,1027,mandi,27,HIMACHAL PRADESH,MANDI,,,,,,,,,,,,,,
8,himachal pradesh,1026,Kullu,7,1026,Kullu,7,101,himachal pradesh,1026,kullu,26,1026,kullu,26,HIMACHAL PRADESH,KULLU,,,,,,,,,,,,,,
8,himachal pradesh,1025,Lahul & Spiti,8,1025,Lahul & Spiti,8,101,himachal pradesh,1025,lahul and spiti,25,1025,lahul & spiti,25,HIMACHAL PRADESH,LAHAUL & SPITI,,,,,,,,,,,,,,
8,himachal pradesh,1033,Shimla,9,1033,Shimla,9,101,himachal pradesh,1033,shimla,33,1033,shimla,33,HIMACHAL PRADESH,SHIMLA,,,,,,,,,,,,,,
8,himachal pradesh,1031,Solan,10,1031,Solan,10,101,himachal pradesh,1031,solan,31,1031,solan,31,HIMACHAL PRADESH,SOLAN,,,,,,,,,,,,,,
8,himachal pradesh,1032,Sirmaur,11,1032,Sirmaur,11,101,himachal pradesh,1032,sirmaur,32,1032,sirmaur,32,HIMACHAL PRADESH,SIRMAUR,,,,,,,,,,,,,,
,,,,,,,,101,himachal pradesh,1034,kinnaur,34,1034,kinnaur,34,HIMACHAL PRADESH,KINNAUR,,,,,,,,,,,,,,
9,jammu,,,,1014,Anandnagar,1,100,jammu & kashmir,1014,anantnag,14,1014,anantnag,14,JAMMU & KASHMIR,ANANTNAG,,,,,,,,,,,,,,
,,,,,,,,100,jammu & kashmir,1014,kulgam,15,1014,kulgam,15,JAMMU & KASHMIR,KULGAM,,,,,,,,,,,,,,
9,jammu,,,,1012,Palwama,2,100,jammu & kashmir,1012,pulwama,12,1012,pulwama,12,JAMMU & KASHMIR,PULWAMA,,,,,,,,,,,,,,
,,,,,,,,100,jammu & kashmir,1012,shupiyan,13,1012,shupiyan,13,JAMMU & KASHMIR,SHOPIAN,,,,,,,,,,,,,,
9,jammu,,,,1010,Srinagar,3,100,jammu & kashmir,1010,srinagar,10,1010,srinagar,10,JAMMU & KASHMIR,SRINAGAR,,,,,,,,,,,,,,
,,,,,,,,100,jammu & kashmir,1010,ganderbal,11,1010,ganderbal,11,JAMMU & KASHMIR,GANDERBAL,,,,,,,,,,,,,,
9,jammu,,,,1002,Badgam,4,100,jammu & kashmir,1002,badgam,2,1002,badgam,2,JAMMU & KASHMIR,BUDGAM,,,,,,,,,,,,,,
9,jammu,,,,1008,Barmala,5,100,jammu & kashmir,1008,baramula,8,1008,baramula,8,JAMMU & KASHMIR,BARAMULLA,,,,,,,,,,,,,,
,,,,,,,,100,jammu & kashmir,1008,bandipore,9,1008,bandipore,9,JAMMU & KASHMIR,BANDIPORA,,,,,,,,,,,,,,
9,jammu,,,,1001,Kupwara,6,100,jammu & kashmir,1001,kupwara,1,1001,kupwara,1,JAMMU & KASHMIR,KUPWARA,,,,,,,,,,,,,,
9,jammu,1016,Doda,9,,,,100,jammu & kashmir,1016,doda,16,1016,doda,16,JAMMU & KASHMIR,DODA,,,,,,,,,,,,,,
,,,,,,,,100,jammu & kashmir,1016,kishtwar,18,1016,kishtwar,18,JAMMU & KASHMIR,KISHTWAR,,,,,,,,,,,,,,
9,jammu,1016,Udhampur,10,1016,Udhampur,10,100,jammu & kashmir,1016,udhampur,19,1016,udhampur,19,JAMMU & KASHMIR,UDHAMPUR,,,,,,,,,,,,,,
,,,,,,,,100,jammu & kashmir,1016,ramban,17,1016,ramban,17,JAMMU & KASHMIR,RAMBAN,,,,,,,,,,,,,,
,,,,,,,,100,jammu & kashmir,1016,reasi,20,1016,reasi,20,JAMMU & KASHMIR,REASI,,,,,,,,,,,,,,
9,jammu,1007,Kathua,11,1007,Kathua,11,100,jammu & kashmir,1007,kathua,7,1007,kathua,7,JAMMU & KASHMIR,KATHUA,,,,,,,,,,,,,,
9,jammu,1007,Jammmu,12,1007,Jammmu,12,100,jammu & kashmir,1007,jammu,21,1007,jammu,21,JAMMU & KASHMIR,JAMMU,,,,,,,,,,,,,,
,,,,,,,,100,jammu & kashmir,1007,samba,22,1007,samba,22,JAMMU & KASHMIR,SAMBA,,,,,,,,,,,,,,
9,jammu,1006,Rajauri,13,,,,100,jammu & kashmir,1006,rajouri,6,1006,rajouri,6,JAMMU & KASHMIR,RAJAURI,,,,,,,,,,,,,,
9,jammu,1005,Punch,14,,,,100,jammu & kashmir,1005,punch,5,1005,punch,5,JAMMU & KASHMIR,POONCH,,,,,,,,,,,,,,
,,,,,,,,100,jammu & kashmir,1003,leh,3,1003,leh(ladakh),3,JAMMU & KASHMIR,LEH (LADAKH),,,,,,,,,,,,,,
,,,,,,,,100,jammu & kashmir,1004,kargil,4,1004,kargil,4,JAMMU & KASHMIR,KARGIL,,,,,,,,,,,,,,
10,karnataka,1507,BANGALORE,1,1507,BANGALORE,1,127,karnataka,1507,bangalore,572,1507,bangalore,572,KARNATAKA,BENGALURU URBAN,,,,,,,,,,,,,,
10,karnataka,1518,BANGALORE RURAL,2,1518,BANGALORE RURAL,2,127,karnataka,1518,bangalore rural,583,1518,bangalore rural,583,KARNATAKA,BENGALURU RURAL,,,,,,,,,,,,,,
,,,,,,,,127,karnataka,1518,ramanagara,584,1518,ramanagara,584,KARNATAKA,RAMANAGARA,,,,,,,,,,,,,,
10,karnataka,1490,BELGAUM,3,1490,BELGAUM,3,127,karnataka,1490,belgaum,555,1490,belgaum,555,KARNATAKA,BELAGAVI,,,,,,,,,,,,,,
10,karnataka,1500,BELLARY,4,1500,BELLARY,4,127,karnataka,1500,bellary,565,1500,bellary,565,KARNATAKA,BALLARI,,,,,,,,,,,,,,
10,karnataka,1500,CHITRADURGA,8,1500,CHITRADURGA,8,127,karnataka,1500,chitradurga,566,1500,chitradurga,566,KARNATAKA,CHITRADURGA,,,,,,,,,,,,,,
10,karnataka,1500,SHIMOGA,18,1500,SHIMOGA,18,127,karnataka,1500,shimoga,568,1500,shimoga,568,KARNATAKA,SHIVAMOGGA,,,,,,,,,,,,,,
,,,,,,,,127,karnataka,1500,davanagere,567,1500,davanagere,567,KARNATAKA,DAVANGERE,,,,,,,,,,,,,,
10,karnataka,1493,BIDAR,5,1493,BIDAR,5,127,karnataka,1493,bidar,558,1493,bidar,558,KARNATAKA,BIDAR,,,,,,,,,,,,,,
10,karnataka,1492,BIJAPUR,6,1492,BIJAPUR,6,127,karnataka,1492,bijapur,557,1492,bijapur,557,KARNATAKA,VIJAYAPUR,,,,,,,,,,,,,,
,,,,,,,,127,karnataka,1492,bagalkot,556,1492,bagalkot,556,KARNATAKA,BAGALKOT,,,,,,,,,,,,,,
10,karnataka,1505,CHIKMAGALUR,7,1505,CHIKMAGALUR,7,127,karnataka,1505,chikmagalur,570,1505,chikmagalur,570,KARNATAKA,CHIKKAMAGALURU,,,,,,,,,,,,,,
10,karnataka,1510,DAKSHIN KANNAD,9,1510,DAKSHIN KANNAD,9,127,karnataka,1510,dakshina kannada,575,1510,dakshina kannada,575,KARNATAKA,MANGALORE(DAKSHINA KANNADA),,,,,,,,,,,,,,
,,,,,,,,127,karnataka,1510,udupi,569,1510,udupi,569,KARNATAKA,UDUPI,,,,,,,,,,,,,,
10,karnataka,1497,DHARWAD,10,1497,DHARWAD,10,127,karnataka,1497,dharwad,562,1497,dharwad,562,KARNATAKA,DHARWAD,,,,,,,,,,,,,,
,,,,,,,,127,karnataka,1497,gadag,561,1497,gadag,561,KARNATAKA,GADAG,,,,,,,,,,,,,,
,,,,,,,,127,karnataka,1497,haveri,564,1497,haveri,564,KARNATAKA,HAVERI,,,,,,,,,,,,,,
10,karnataka,1514,GULBARGA,11,1514,GULBARGA,11,127,karnataka,1514,gulbarga,579,1514,gulbarga,579,KARNATAKA,KALABURAGI,,,,,,,,,,,,,,
,,,,,,,,127,karnataka,1514,yadgir,580,1514,yadgir,580,KARNATAKA,YADGIR,,,,,,,,,,,,,,
10,karnataka,1509,HASSAN,12,1509,HASSAN,12,127,karnataka,1509,hassan,574,1509,hassan,574,KARNATAKA,HASSAN,,,,,,,,,,,,,,
10,karnataka,1511,KODAGU,13,1511,KODAGU,13,127,karnataka,1511,kodagu,576,1511,kodagu,576,KARNATAKA,KODAGU,,,,,,,,,,,,,,
10,karnataka,1516,KOLAR,14,1516,KOLAR,14,127,karnataka,1516,kolar,581,1516,kolar,581,KARNATAKA,KOLAR,,,,,,,,,,,,,,
,,,,,,,,127,karnataka,1516,chikkaballapura,582,1516,chikkaballapura,582,KARNATAKA,CHIKKABALLAPURA,,,,,,,,,,,,,,
10,karnataka,1508,MANDYA,15,1508,MANDYA,15,127,karnataka,1508,mandya,573,1508,mandya,573,KARNATAKA,MANDYA,,,,,,,,,,,,,,
10,karnataka,1512,MYSORE,16,1512,MYSORE,16,127,karnataka,1512,mysore,577,1512,mysore,577,KARNATAKA,MYSURU,,,,,,,,,,,,,,
,,,,,,,,127,karnataka,1512,chamarajanagar,578,1512,chamarajanagar,578,KARNATAKA,CHAMARAJANAGARA,,,,,,,,,,,,,,
10,karnataka,1494,RAICHUR,17,1494,RAICHUR,17,127,karnataka,1494,raichur,559,1494,raichur,559,KARNATAKA,RAICHUR,,,,,,,,,,,,,,
,,,,,,,,127,karnataka,1494,koppal,560,1494,koppal,560,KARNATAKA,KOPPAL,,,,,,,,,,,,,,
10,karnataka,1506,TUMKUR,19,1506,TUMKUR,19,127,karnataka,1506,tumkur,571,1506,tumkur,571,KARNATAKA,TUMAKURU,,,,,,,,,,,,,,
10,karnataka,,,,1498,UTTAR KANNAD,20,127,karnataka,1498,uttara kannada,563,1498,uttara kannada,563,KARNATAKA,UTTARA KANNADA,,,,,,,,,,,,,,
11,kerala,1523,Kasaragod,1,1523,Kasaragod,1,130,kerala,1523,kasaragod,588,1523,kasaragod,588,KERALA,KASARGOD,,,,,,,,,,,,,,
11,kerala,1524,Kannur,2,1524,Kannur,2,130,kerala,1524,kannur,589,1524,kannur,589,KERALA,KANNUR,,,,,,,,,,,,,,
11,kerala,1525,Wayanad,3,1525,Wayanad,3,130,kerala,1525,wayanad,590,1525,wayanad,590,KERALA,WAYANAD,,,,,,,,,,,,,,
11,kerala,1526,Kozhikode,4,1526,Kozhikode,4,130,kerala,1526,kozhikode,591,1526,kozhikode,591,KERALA,KOZHIKODE,,,,,,,,,,,,,,
11,kerala,1527,Malappuram,5,1527,Malappuram,5,130,kerala,1527,malappuram,592,1527,malappuram,592,KERALA,MALAPPURAM,,,,,,,,,,,,,,
11,kerala,1528,Palakkad,6,1528,Palakkad,6,130,kerala,1528,palakkad,593,1528,palakkad,593,KERALA,PALAKKAD,,,,,,,,,,,,,,
11,kerala,1529,Thrissur,7,1529,Thrissur,7,130,kerala,1529,thrissur,594,1529,thrissur,594,KERALA,THRISSUR,,,,,,,,,,,,,,
11,kerala,1530,Ernakulam,8,1530,Ernakulam,8,130,kerala,1530,ernakulam,595,1530,ernakulam,595,KERALA,ERNAKULAM,,,,,,,,,,,,,,
11,kerala,1531,Idukki,9,1531,Idukki,9,130,kerala,1531,idukki,596,1531,idukki,596,KERALA,IDUKKI,,,,,,,,,,,,,,
11,kerala,1532,Kottayam,10,1532,Kottayam,10,130,kerala,1532,kottayam,597,1532,kottayam,597,KERALA,KOTTAYAM,,,,,,,,,,,,,,
11,kerala,1533,Alappuzha,11,1533,Alappuzha,11,130,kerala,1533,alappuzha,598,1533,alappuzha,598,KERALA,ALAPPUZHA,,,,,,,,,,,,,,
11,kerala,1534,Pathanamthitta,12,1534,Pathanamthitta,12,130,kerala,1534,pathanamthitta,599,1534,pathanamthitta,599,KERALA,PATHANAMTHITTA,,,,,,,,,,,,,,
11,kerala,,,,1535,Kollam,13,130,kerala,1535,kollam,600,1535,kollam,600,KERALA,KOLLAM,,,,,,,,,,,,,,
11,kerala,,,,1536,Thiruvananthapuram,14,130,kerala,1536,thiruvananthapuram,601,1536,thiruvananthapur,601,KERALA,THIRUVANANTHAPURAM,,,,,,,,,,,,,,
,,,,,,,,122,madhya pradesh,1376,sheopur,418,1376,sheopur,418,MADHYA PRADESH,SHEOPUR,,,,,,,,,,,,,,
12,madhya pradesh,1376,Morena,1,1376,Morena,1,122,madhya pradesh,1376,morena,419,1376,morena,419,MADHYA PRADESH,MORENA,,,,,,,,,,,,,,
12,madhya pradesh,1377,Bhind,2,1377,Bhind,2,122,madhya pradesh,1377,bhind,420,1377,bhind,420,MADHYA PRADESH,BHIND,,,,,,,,,,,,,,
12,madhya pradesh,1378,Gwalior,3,1378,Gwalior,3,122,madhya pradesh,1378,gwalior,421,1378,gwalior,421,MADHYA PRADESH,GWALIOR,,,,,,,,,,,,,,
12,madhya pradesh,1379,Datia,4,1379,Datia,4,122,madhya pradesh,1379,datia,422,1379,datia,422,MADHYA PRADESH,DATIA,,,,,,,,,,,,,,
12,madhya pradesh,1380,Shivpuri,5,1380,Shivpuri,5,122,madhya pradesh,1380,shivpuri,423,1380,shivpuri,423,MADHYA PRADESH,SHIVPURI,,,,,,,,,,,,,,
12,madhya pradesh,1414,Guna,6,1414,Guna,6,122,madhya pradesh,1414,guna,458,1414,guna,458,MADHYA PRADESH,GUNA,,,,,,,,,,,,,,
,,,,,,,,122,madhya pradesh,1414,ashoknagar,459,1414,ashoknagar,459,MADHYA PRADESH,ASHOKNAGAR,,,,,,,,,,,,,,
12,madhya pradesh,1381,Tikamgarh,7,1381,Tikamgarh,7,122,madhya pradesh,1381,tikamgarh,424,1381,tikamgarh,424,MADHYA PRADESH,TIKAMGARH,,,,,,,,,,,,,,
12,madhya pradesh,1382,Chhatarpur,8,1382,Chhatarpur,8,122,madhya pradesh,1382,chhatarpur,425,1382,chhatarpur,425,MADHYA PRADESH,CHHATARPUR,,,,,,,,,,,,,,
12,madhya pradesh,1383,Panna,9,,,,122,madhya pradesh,1383,panna,426,1383,panna,426,MADHYA PRADESH,PANNA,,,,,,,,,,,,,,
12,madhya pradesh,1384,Sagar,10,1384,Sagar,10,122,madhya pradesh,1384,sagar,427,1384,sagar,427,MADHYA PRADESH,SAGAR,,,,,,,,,,,,,,
12,madhya pradesh,1385,Damoh,11,1385,Damoh,11,122,madhya pradesh,1385,damoh,428,1385,damoh,428,MADHYA PRADESH,DAMOH,,,,,,,,,,,,,,
12,madhya pradesh,1386,Satna,12,1386,Satna,12,122,madhya pradesh,1386,satna,429,1386,satna,429,MADHYA PRADESH,SATNA,,,,,,,,,,,,,,
12,madhya pradesh,1387,Rewa,13,1387,Rewa,13,122,madhya pradesh,1387,rewa,430,1387,rewa,430,MADHYA PRADESH,REWA,,,,,,,,,,,,,,
12,madhya pradesh,1416,Shahdol,14,1416,Shahdol,14,122,madhya pradesh,1416,umaria,431,1416,umaria,431,MADHYA PRADESH,UMARIA,,,,,,,,,,,,,,
,,,,,,,,122,madhya pradesh,1416,shahdol,460,1416,shahdol,460,MADHYA PRADESH,SHAHDOL,,,,,,,,,,,,,,
,,,,,,,,122,madhya pradesh,1416,anuppur,461,1416,anuppur,461,MADHYA PRADESH,ANUPPUR,,,,,,,,,,,,,,
12,madhya pradesh,1418,Sidhi,15,1418,Sidhi,15,122,madhya pradesh,1418,sidhi,462,1418,sidhi,462,MADHYA PRADESH,SIDHI,,,,,,,,,,,,,,
,,,,,,,,122,madhya pradesh,1418,singrauli,463,1418,singrauli,463,MADHYA PRADESH,SINGRAULI,,,,,,,,,,,,,,
,,,,,,,,122,madhya pradesh,1390,neemuch,432,1390,neemuch,432,MADHYA PRADESH,NEEMUCH,,,,,,,,,,,,,,
12,madhya pradesh,1390,Mandsaur,16,1390,Mandsaur,16,122,madhya pradesh,1390,mandsaur,433,1390,mandsaur,433,MADHYA PRADESH,MANDSAUR,,,,,,,,,,,,,,
12,madhya pradesh,1391,Ratlam,17,1391,Ratlam,17,122,madhya pradesh,1391,ratlam,434,1391,ratlam,434,MADHYA PRADESH,RATLAM,,,,,,,,,,,,,,
12,madhya pradesh,1392,Ujjain,18,1392,Ujjain,18,122,madhya pradesh,1392,ujjain,435,1392,ujjain,435,MADHYA PRADESH,UJJAIN,,,,,,,,,,,,,,
12,madhya pradesh,1617,Shajapur,19,1617,Shajapur,19,122,madhya pradesh,1617,shajapur,436,1617,agar malwa,867,MADHYA PRADESH,AGAR MALWA,,,,,,,,,,,,,,
,,,,,,,,122,madhya pradesh,,,,1617,shajapur,868,MADHYA PRADESH,SHAJAPUR,,,,,,,,,,,,,,
12,madhya pradesh,1393,Dewas,20,1393,Dewas,20,122,madhya pradesh,1393,dewas,437,1393,dewas,437,MADHYA PRADESH,DEWAS,,,,,,,,,,,,,,
12,madhya pradesh,1420,Jhabua,21,1420,Jhabua,21,122,madhya pradesh,1420,jhabua,464,1420,jhabua,464,MADHYA PRADESH,JHABUA,,,,,,,,,,,,,,
,,,,,,,,122,madhya pradesh,1420,alirajpur,465,1420,alirajpur,465,MADHYA PRADESH,ALIRAJPUR,,,,,,,,,,,,,,
12,madhya pradesh,1394,Dhar,22,1394,Dhar,22,122,madhya pradesh,1394,dhar,438,1394,dhar,438,MADHYA PRADESH,DHAR,,,,,,,,,,,,,,
12,madhya pradesh,1395,Indore,23,1395,Indore,23,122,madhya pradesh,1395,indore,439,1395,indore,439,MADHYA PRADESH,INDORE,,,,,,,,,,,,,,
12,madhya pradesh,1396,Khargone,24,1396,Khargone,24,122,madhya pradesh,1396,khargone (west nimar),440,1396,khargone (west n,440,MADHYA PRADESH,KHARGONE,,,,,,,,,,,,,,
,,,,,,,,122,madhya pradesh,1396,barwani,441,1396,barwani,441,MADHYA PRADESH,BARWANI,,,,,,,,,,,,,,
12,madhya pradesh,1422,East Nimar (Khandwa),25,1422,East Nimar (Khandwa),25,122,madhya pradesh,1422,khandwa (east nimar),466,1422,khandwa (east ni,466,MADHYA PRADESH,KHANDWA(EAST NIMAR),,,,,,,,,,,,,,
,,,,,,,,122,madhya pradesh,1422,burhanpur,467,1422,burhanpur,467,MADHYA PRADESH,BURHANPUR,,,,,,,,,,,,,,
12,madhya pradesh,1398,Rajgarh,26,1398,Rajgarh,26,122,madhya pradesh,1398,rajgarh,442,1398,rajgarh,442,MADHYA PRADESH,RAJGARH,,,,,,,,,,,,,,
12,madhya pradesh,1399,Vidisha,27,1399,Vidisha,27,122,madhya pradesh,1399,vidisha,443,1399,vidisha,443,MADHYA PRADESH,VIDISHA,,,,,,,,,,,,,,
12,madhya pradesh,1400,Bhopal,28,1400,Bhopal,28,122,madhya pradesh,1400,bhopal,444,1400,bhopal,444,MADHYA PRADESH,BHOPAL,,,,,,,,,,,,,,
12,madhya pradesh,1401,Sehore,29,1401,Sehore,29,122,madhya pradesh,1401,sehore,445,1401,sehore,445,MADHYA PRADESH,SEHORE,,,,,,,,,,,,,,
12,madhya pradesh,1402,Raisen,30,1402,Raisen,30,122,madhya pradesh,1402,raisen,446,1402,raisen,446,MADHYA PRADESH,RAISEN,,,,,,,,,,,,,,
12,madhya pradesh,1403,Betul,31,1403,Betul,31,122,madhya pradesh,1403,betul,447,1403,betul,447,MADHYA PRADESH,BETUL,,,,,,,,,,,,,,
,,,,,,,,122,madhya pradesh,1405,harda,448,1405,harda,448,MADHYA PRADESH,HARDA,,,,,,,,,,,,,,
12,madhya pradesh,1405,Hoshangabad,32,1405,Hoshangabad,32,122,madhya pradesh,1405,hoshangabad,449,1405,hoshangabad,449,MADHYA PRADESH,HOSHANGABAD,,,,,,,,,,,,,,
,,,,,,,,122,madhya pradesh,1407,katni,450,1407,katni,450,MADHYA PRADESH,KATNI,,,,,,,,,,,,,,
12,madhya pradesh,1407,Jabalpur,33,1407,Jabalpur,33,122,madhya pradesh,1407,jabalpur,451,1407,jabalpur,451,MADHYA PRADESH,JABALPUR,,,,,,,,,,,,,,
12,madhya pradesh,,,,1408,Narsimhapur,34,122,madhya pradesh,1408,narsimhapur,452,1408,narsimhapur,452,MADHYA PRADESH,NARSINGHPUR,,,,,,,,,,,,,,
,,,,,,,,122,madhya pradesh,1410,dindori,453,1410,dindori,453,MADHYA PRADESH,DINDORI,,,,,,,,,,,,,,
12,madhya pradesh,1410,Mandla,35,1410,Mandla,35,122,madhya pradesh,1410,mandla,454,1410,mandla,454,MADHYA PRADESH,MANDLA,,,,,,,,,,,,,,
12,madhya pradesh,1411,Chhindwara,36,1411,Chhindwara,36,122,madhya pradesh,1411,chhindwara,455,1411,chhindwara,455,MADHYA PRADESH,CHHINDWARA,,,,,,,,,,,,,,
12,madhya pradesh,1412,Seoni,37,1412,Seoni,37,122,madhya pradesh,1412,seoni,456,1412,seoni,456,MADHYA PRADESH,SEONI,,,,,,,,,,,,,,
12,madhya pradesh,1413,Balaghat,38,1413,Balaghat,38,122,madhya pradesh,1413,balaghat,457,1413,balaghat,457,MADHYA PRADESH,BALAGHAT,,,,,,,,,,,,,,
12,madhya pradesh,1594,Surguja,39,1594,Surguja,39,121,chhattisgarh,1594,korea (koriya),400,1594,koriya,400,CHHATISGARH,KORIYA,,,,,,,,,,,,,,
,,,,,,,,121,chhattisgarh,1594,surguja,401,1594,balrampur,824,CHHATISGARH,BALRAMPUR,,,,,,,,,,,,,,
,,,,,,,,121,chhattisgarh,,,,1594,surajpur,835,CHHATISGARH,SURAJPUR,,,,,,,,,,,,,,
,,,,,,,,121,chhattisgarh,,,,1594,surguja,836,CHHATISGARH,SURGUJA,,,,,,,,,,,,,,
12,madhya pradesh,1596,Bilaspur,40,1596,Bilaspur,40,121,chhattisgarh,1596,bilaspur,406,1596,bilaspur,827,CHHATISGARH,BILASPUR,,,,,,,,,,,,,,
,,,,,,,,121,chhattisgarh,,,,1596,mungeli,832,CHHATISGARH,MUNGELI,,,,,,,,,,,,,,
,,,,,,,,121,chhattisgarh,1596,janjgir - champa,405,1596,janjgir - champa,405,CHHATISGARH,JANJGIR - CHAMPA,,,,,,,,,,,,,,
,,,,,,,,121,chhattisgarh,1596,korba,404,1596,korba,404,CHHATISGARH,KORBA,,,,,,,,,,,,,,
12,madhya pradesh,1596,Rajnandgaon,42,1596,Rajnandgaon,42,121,chhattisgarh,1596,rajnandgaon,408,1596,rajnandgaon,408,CHHATISGARH,RAJNANDGAON,,,,,,,,,,,,,,
,,,,,,,,121,chhattisgarh,1596,kabirdham,407,1596,kabeerdham,407,CHHATISGARH,KAWARDHA(KABIRDHAM),,,,,,,,,,,,,,
12,madhya pradesh,1365,Raigarh,41,1365,Raigarh,41,121,chhattisgarh,1365,jashpur,402,1365,jashpur,402,CHHATISGARH,JASHPUR,,,,,,,,,,,,,,
,,,,,,,,121,chhattisgarh,1365,raigarh,403,1365,raigarh,403,CHHATISGARH,RAIGARH,,,,,,,,,,,,,,
12,madhya pradesh,1592,Durg,43,1592,Durg,43,121,chhattisgarh,1592,durg,409,1592,balod,822,CHHATISGARH,BALOD,,,,,,,,,,,,,,
,,,,,,,,121,chhattisgarh,,,,1592,bemetara,826,CHHATISGARH,BEMETARA,,,,,,,,,,,,,,
,,,,,,,,121,chhattisgarh,,,,1592,durg,829,CHHATISGARH,DURG,,,,,,,,,,,,,,
12,madhya pradesh,1593,Raipur,44,1593,Raipur,44,121,chhattisgarh,1593,raipur,410,1593,baloda bazar,823,CHHATISGARH,BALODA BAZAR,,,,,,,,,,,,,,
,,,,,,,,121,chhattisgarh,1593,mahasamund,411,1593,mahasamund,411,CHHATISGARH,MAHASAMUND,,,,,,,,,,,,,,
,,,,,,,,121,chhattisgarh,1593,dhamtari,412,1593,dhamtari,412,CHHATISGARH,DHAMTARI,,,,,,,,,,,,,,
,,,,,,,,121,chhattisgarh,,,,1593,gariyaband,830,CHHATISGARH,GARIYABAND,,,,,,,,,,,,,,
,,,,,,,,121,chhattisgarh,,,,1593,raipur,833,CHHATISGARH,RAIPUR,,,,,,,,,,,,,,
12,madhya pradesh,1595,Bastar,45,1595,Bastar,45,121,chhattisgarh,1595,bastar,414,1595,bastar,825,CHHATISGARH,BASTAR(JAGDALPUR),,,,,,,,,,,,,,
,,,,,,,,121,chhattisgarh,1595,uttar bastar kanker,413,1595,uttar bastar kan,413,CHHATISGARH,KANKER,,,,,,,,,,,,,,
,,,,,,,,121,chhattisgarh,1595,dakshin bastar dantewada,416,1595,dantewada,828,CHHATISGARH,DANTEWADA,,,,,,,,,,,,,,
,,,,,,,,121,chhattisgarh,,,,1595,kodagaon,831,CHHATISGARH,KONDAGAON,,,,,,,,,,,,,,
,,,,,,,,121,chhattisgarh,,,,1595,sukma,834,CHHATISGARH,SUKMA,,,,,,,,,,,,,,
,,,,,,,,121,chhattisgarh,1595,bijapur,417,1595,bijapur,417,CHHATISGARH,BIJAPUR,,,,,,,,,,,,,,
,,,,,,,,121,chhattisgarh,1595,narayanpur,415,1595,narayanpur,415,CHHATISGARH,NARAYANPUR,,,,,,,,,,,,,,
13,maharashtra,1464,MUMBAI,1,1464,MUMBAI,1,125,maharashtra,1464,mumbai suburban,518,1464,mumbai suburban,518,MAHARASHTRA,0,,,,,,,,,,,,,,
,,,,,,,,125,maharashtra,1464,mumbai,519,1464,mumbai,519,MAHARASHTRA,0,,,,,,,,,,,,,,
13,maharashtra,1618,THANE,2,1618,THANE,2,125,maharashtra,1618,thane,517,1618,palghar,869,MAHARASHTRA,PALGHAR,,,,,,,,,,,,,,
,,,,,,,,125,maharashtra,,,,1618,thane,870,MAHARASHTRA,THANE,,,,,,,,,,,,,,
13,maharashtra,1465,RAIGARH,3,1465,RAIGARH,3,125,maharashtra,1465,raigarh,520,1465,raigarh,520,MAHARASHTRA,RAIGAD,,,,,,,,,,,,,,
13,maharashtra,1473,RATNAGIRI,4,1473,RATNAGIRI,4,125,maharashtra,1473,ratnagiri,528,1473,ratnagiri,528,MAHARASHTRA,RATNAGIRI,,,,,,,,,,,,,,
13,maharashtra,1474,SINDHUDURG,5,1474,SINDHUDURG,5,125,maharashtra,1474,sindhudurg,529,1474,sindhudurg,529,MAHARASHTRA,SINDHUDURG,,,,,,,,,,,,,,
13,maharashtra,1462,NASHIK,6,1462,NASHIK,6,125,maharashtra,1462,nashik,516,1462,nashik,516,MAHARASHTRA,NASHIK,,,,,,,,,,,,,,
13,maharashtra,1444,DHULE,7,1444,DHULE,7,125,maharashtra,1444,dhule,498,1444,dhule,498,MAHARASHTRA,DHULE,,,,,,,,,,,,,,
,,,,,,,,125,maharashtra,1444,nandurbar,497,1444,nandurbar,497,MAHARASHTRA,NANDURBAR,,,,,,,,,,,,,,
13,maharashtra,1445,JALGAON,8,1445,JALGAON,8,125,maharashtra,1445,jalgaon,499,1445,jalgaon,499,MAHARASHTRA,JALGAON,,,,,,,,,,,,,,
13,maharashtra,1467,AHMADNAGAR,9,1467,AHMADNAGAR,9,125,maharashtra,1467,ahmadnagar,522,1467,ahmadnagar,522,MAHARASHTRA,AHMEDNAGAR,,,,,,,,,,,,,,
13,maharashtra,1466,PUNE,10,1466,PUNE,10,125,maharashtra,1466,pune,521,1466,pune,521,MAHARASHTRA,PUNE,,,,,,,,,,,,,,
13,maharashtra,1472,SATARA,11,1472,SATARA,11,125,maharashtra,1472,satara,527,1472,satara,527,MAHARASHTRA,SATARA,,,,,,,,,,,,,,
13,maharashtra,1476,SANGLI,12,1476,SANGLI,12,125,maharashtra,1476,sangli,531,1476,sangli,531,MAHARASHTRA,SANGLI,,,,,,,,,,,,,,
13,maharashtra,1471,SOLAPUR,13,1471,SOLAPUR,13,125,maharashtra,1471,solapur,526,1471,solapur,526,MAHARASHTRA,SOLAPUR,,,,,,,,,,,,,,
13,maharashtra,1475,KOLHAPUR,14,1475,KOLHAPUR,14,125,maharashtra,1475,kolhapur,530,1475,kolhapur,530,MAHARASHTRA,KOLHAPUR,,,,,,,,,,,,,,
13,maharashtra,1461,AURANGABAD,15,1461,AURANGABAD,15,125,maharashtra,1461,aurangabad,515,1461,aurangabad,515,MAHARASHTRA,AURANGABAD,,,,,,,,,,,,,,
13,maharashtra,1460,JALNA,16,1460,JALNA,16,125,maharashtra,1460,jalna,514,1460,jalna,514,MAHARASHTRA,JALNA,,,,,,,,,,,,,,
13,maharashtra,1459,PARBHANI,17,1459,PARBHANI,17,125,maharashtra,1459,parbhani,513,1459,parbhani,513,MAHARASHTRA,PARBHANI,,,,,,,,,,,,,,
,,,,,,,,125,maharashtra,1459,hingoli,512,1459,hingoli,512,MAHARASHTRA,HINGOLI,,,,,,,,,,,,,,
13,maharashtra,1468,BID,18,1468,BID,18,125,maharashtra,1468,bid,523,1468,bid,523,MAHARASHTRA,BEED,,,,,,,,,,,,,,
13,maharashtra,1457,NANDED,19,1457,NANDED,19,125,maharashtra,1457,nanded,511,1457,nanded,511,MAHARASHTRA,NANDED,,,,,,,,,,,,,,
13,maharashtra,1470,Osmanabad,20,,,,125,maharashtra,1470,osmanabad,525,1470,osmanabad,525,MAHARASHTRA,OSMANABAD,,,,,,,,,,,,,,
13,maharashtra,1469,LATUR,21,1469,LATUR,21,125,maharashtra,1469,latur,524,1469,latur,524,MAHARASHTRA,LATUR,,,,,,,,,,,,,,
13,maharashtra,1446,BULDANA,22,1446,BULDANA,22,125,maharashtra,1446,buldana,500,1446,buldana,500,MAHARASHTRA,BULDHANA,,,,,,,,,,,,,,
13,maharashtra,1447,AKOLA,23,1447,AKOLA,23,125,maharashtra,1447,akola,501,1447,akola,501,MAHARASHTRA,AKOLA,,,,,,,,,,,,,,
,,,,,,,,125,maharashtra,1447,washim,502,1447,washim,502,MAHARASHTRA,WASHIM,,,,,,,,,,,,,,
13,maharashtra,1449,AMRAVATI,24,1449,AMRAVATI,24,125,maharashtra,1449,amravati,503,1449,amravati,503,MAHARASHTRA,AMRAVATI,,,,,,,,,,,,,,
13,maharashtra,1456,YAVATMAL,25,1456,YAVATMAL,25,125,maharashtra,1456,yavatmal,510,1456,yavatmal,510,MAHARASHTRA,YAVATMAL,,,,,,,,,,,,,,
13,maharashtra,1450,WARDHA,26,1450,WARDHA,26,125,maharashtra,1450,wardha,504,1450,wardha,504,MAHARASHTRA,WARDHA,,,,,,,,,,,,,,
13,maharashtra,,,,1451,NAGPUR,27,125,maharashtra,1451,nagpur,505,1451,nagpur,505,MAHARASHTRA,NAGPUR,,,,,,,,,,,,,,
13,maharashtra,,,,1452,BHANDARA,28,125,maharashtra,1452,bhandara,506,1452,bhandara,506,MAHARASHTRA,BHANDARA,,,,,,,,,,,,,,
,,,,,,,,125,maharashtra,1452,gondiya,507,1452,gondiya,507,MAHARASHTRA,GONDIA,,,,,,,,,,,,,,
13,maharashtra,,,,1455,CHANDRAPUR,29,125,maharashtra,1455,chandrapur,509,1455,chandrapur,509,MAHARASHTRA,CHANDRAPUR,,,,,,,,,,,,,,
,,,,,,,,125,maharashtra,1454,gadchiroli,508,1454,gadchiroli,508,MAHARASHTRA,GADCHIROLI,,,,,,,,,,,,,,
14,manipur,1249,SENAPATI,1,1249,SENAPATI,1,113,manipur,1249,senapati (excluding 3 sub-divisions),272,1249,senapati,272,MANIPUR,SENAPATI,,,,,,,,,,,,,,
14,manipur,1250,TAMENGLONG,2,1250,TAMENGLONG,2,113,manipur,1250,tamenglong,273,1250,tamenglong,273,MANIPUR,TAMENGLONG,,,,,,,,,,,,,,
14,manipur,1251,CHURACHANPUR,3,1251,CHURACHANPUR,3,113,manipur,1251,churachandpur,274,1251,churachandpur,274,MANIPUR,CHURACHANDPUR,,,,,,,,,,,,,,
14,manipur,,,,1257,CHANDEL,4,113,manipur,1257,chandel,280,1257,chandel,280,MANIPUR,CHANDEL,,,,,,,,,,,,,,
14,manipur,1253,THOUBAL,5,1253,THOUBAL,5,113,manipur,1253,thoubal,276,1253,thoubal,276,MANIPUR,THOUBAL,,,,,,,,,,,,,,
14,manipur,1252,BISHNUPUR,6,1252,BISHNUPUR,6,113,manipur,1252,bishnupur,275,1252,bishnupur,275,MANIPUR,BISHNUPUR,,,,,,,,,,,,,,
14,manipur,,,,1254,IMPHAL,7,113,manipur,1254,imphal west,277,1254,imphal west,277,MANIPUR,IMPHAL WEST,,,,,,,,,,,,,,
14,manipur,,,,,,,113,manipur,1254,imphal east,278,1254,imphal east,278,MANIPUR,IMPHAL EAST,,,,,,,,,,,,,,
14,manipur,,,,1256,UKHRUL,8,113,manipur,1256,ukhrul,279,1256,ukhrul,279,MANIPUR,UKHRUL,,,,,,,,,,,,,,
15,meghalaya,1625,JAINTIA HILLS,1,1625,JAINTIA HILLS,1,116,meghalaya,1625,jaintia hills,299,1625,west jaintia hil,877,MEGHALAYA,WEST JAINTIA HILLS,,,,,,,,,,,,,,
,,,,,,,,116,meghalaya,,,,1625,east jantia hill,872,MEGHALAYA,EAST JAINTIA HILLS,,,,,,,,,,,,,,
15,meghalaya,1269,EAST KHASI HILLS,2,1269,EAST KHASI HILLS,2,116,meghalaya,1269,east khasi hills,298,1269,east khasi hills,298,MEGHALAYA,EAST KHASI HILLS,,,,,,,,,,,,,,
,,,,,,,,116,meghalaya,1269,ribhoi,297,1269,ribhoi,297,MEGHALAYA,RI BHOI,,,,,,,,,,,,,,
15,meghalaya,1626,WEST KHASI HILLS,3,1626,WEST KHASI HILLS,3,116,meghalaya,1626,west khasi hills,296,1626,west khasi hills,878,MEGHALAYA,WEST KHASI HILLS,,,,,,,,,,,,,,
,,,,,,,,116,meghalaya,,,,1626,south west khasi,875,MEGHALAYA,SOUTH WEST KHASI HILLS,,,,,,,,,,,,,,
15,meghalaya,1619,EAST GORA HILLS,4,1619,EAST GORA HILLS,4,116,meghalaya,1619,east garo hills,294,1619,east garo hills,871,MEGHALAYA,EAST GARO HILLS,,,,,,,,,,,,,,
,,,,,,,,116,meghalaya,,,,1619,north garo hills,873,MEGHALAYA,NORTH GARO HILLS,,,,,,,,,,,,,,
15,meghalaya,1622,WEST GARO HILLS,5,1622,WEST GARO HILLS,5,116,meghalaya,1622,west garo hills,293,1622,west garo hills,876,MEGHALAYA,WEST GARO HILLS,,,,,,,,,,,,,,
,,,,,,,,116,meghalaya,,,,1622,south west garo,874,MEGHALAYA,SOUTH WEST GARO HILLS,,,,,,,,,,,,,,
,,,,,,,,116,meghalaya,1622,south garo hills,295,1622,south garo hills,295,MEGHALAYA,SOUTH GARO HILLS,,,,,,,,,,,,,,
16,mizoram,1260,AIZAWL,1,1260,AIZAWL,1,114,mizoram,1260,mamit,281,1260,mamit,281,MIZORAM,MAMIT,,,,,,,,,,,,,,
,,,,,,,,114,mizoram,1260,kolasib,282,1260,kolasib,282,MIZORAM,KOLASIB,,,,,,,,,,,,,,
,,,,,,,,114,mizoram,1260,aizawl,283,1260,aizawl,283,MIZORAM,AIZAWL,,,,,,,,,,,,,,
,,,,,,,,114,mizoram,1260,champhai,284,1260,champhai,284,MIZORAM,CHAMPHAI,,,,,,,,,,,,,,
,,,,,,,,114,mizoram,1260,serchhip,285,1260,serchhip,285,MIZORAM,SERCHHIP,,,,,,,,,,,,,,
16,mizoram,1263,LUNGLEI,2,1263,LUNGLEI,2,114,mizoram,1263,lunglei,286,1263,lunglei,286,MIZORAM,LUNGLEI,,,,,,,,,,,,,,
16,mizoram,1264,CHHIMTUIPUI,3,1264,CHHIMTUIPUI,3,114,mizoram,1264,lawngtlai,287,1264,lawngtlai,287,MIZORAM,LAWNGTLAI,,,,,,,,,,,,,,
,,,,,,,,114,mizoram,1264,saiha,288,1264,saiha,288,MIZORAM,SAIHA,,,,,,,,,,,,,,
17,nagaland,1238,MON,7,1238,MON,7,112,nagaland,1238,mon,261,1238,mon,261,NAGALAND,MON,,,,,,,,,,,,,,
17,nagaland,1239,MOKOKCHUNG,5,1239,MOKOKCHUNG,5,112,nagaland,1239,mokokchung,262,1239,mokokchung,262,NAGALAND,MOKOKCHUNG,,,,,,,,,,,,,,
17,nagaland,1240,ZUNHEBOTO,3,1240,ZUNHEBOTO,3,112,nagaland,1240,zunheboto,263,1240,zunheboto,263,NAGALAND,ZUNHEBOTO,,,,,,,,,,,,,,
17,nagaland,1241,WOKHA,4,1241,WOKHA,4,112,nagaland,1241,wokha,264,1241,wokha,264,NAGALAND,WOKHA,,,,,,,,,,,,,,
,,,,,,,,112,nagaland,1247,dimapur,265,1247,dimapur,265,NAGALAND,DIMAPUR,,,,,,,,,,,,,,
17,nagaland,1243,PHEK,2,1243,PHEK,2,112,nagaland,1243,phek,266,1243,phek,266,NAGALAND,PHEK,,,,,,,,,,,,,,
17,nagaland,1244,TUENSANG,6,1244,TUENSANG,6,112,nagaland,1244,tuensang,267,1244,tuensang,267,NAGALAND,TUENSANG,,,,,,,,,,,,,,
,,,,,,,,112,nagaland,1244,longleng,268,1244,longleng,268,NAGALAND,LONGLENG,,,,,,,,,,,,,,
,,,,,,,,112,nagaland,1244,kiphire,269,1244,kiphire,269,NAGALAND,KIPHIRE,,,,,,,,,,,,,,
17,nagaland,1247,KOHIMA,1,1247,KOHIMA,1,112,nagaland,1247,kohima,270,1247,kohima,270,NAGALAND,KOHIMA,,,,,,,,,,,,,,
,,,,,,,,112,nagaland,1247,peren,271,1247,peren,271,NAGALAND,PEREN,,,,,,,,,,,,,,
18,orissa,1335,Sambalpur,1,1335,Sambalpur,1,120,odisha,1335,sambalpur,372,1335,sambalpur,372,ODISHA,SAMBALPUR,,,,,,,,,,,,,,
,,,,,,,,120,odisha,1335,bargarh,370,1335,bargarh,370,ODISHA,BARGARH,,,,,,,,,,,,,,
,,,,,,,,120,odisha,1335,jharsuguda,371,1335,jharsuguda,371,ODISHA,JHARSUGUDA,,,,,,,,,,,,,,
,,,,,,,,120,odisha,1335,debagarh,373,1335,debagarh,373,ODISHA,DEBAGARH,,,,,,,,,,,,,,
18,orissa,1337,Sundargarh,2,1337,Sundargarh,2,120,odisha,1337,sundargarh,374,1337,sundargarh,374,ODISHA,SUNDARGARH,,,,,,,,,,,,,,
18,orissa,1338,Kendujhar,3,1338,Kendujhar,3,120,odisha,1338,kendujhar,375,1338,kendujhar,375,ODISHA,KENDUJHAR,,,,,,,,,,,,,,
18,orissa,1339,Mayurbhanj,4,1339,Mayurbhanj,4,120,odisha,1339,mayurbhanj,376,1339,mayurbhanj,376,ODISHA,MAYURBHANJ,,,,,,,,,,,,,,
18,orissa,1340,Baleshwar,5,1340,Baleshwar,5,120,odisha,1340,baleshwar,377,1340,baleshwar,377,ODISHA,BALESWAR,,,,,,,,,,,,,,
,,,,,,,,120,odisha,1340,bhadrak,378,1340,bhadrak,378,ODISHA,BHADRAK,,,,,,,,,,,,,,
18,orissa,1344,Cuttack,6,1344,Cuttack,6,120,odisha,1344,kendrapara,379,1344,kendrapara,379,ODISHA,KENDRAPARA,,,,,,,,,,,,,,
,,,,,,,,120,odisha,1344,jagatsinghapur,380,1344,jagatsinghapur,380,ODISHA,JAGATSINGHAPUR,,,,,,,,,,,,,,
,,,,,,,,120,odisha,1344,cuttack,381,1344,cuttack,381,ODISHA,CUTTACK,,,,,,,,,,,,,,
,,,,,,,,120,odisha,1344,jajapur,382,1344,jajapur,382,ODISHA,JAJAPUR,,,,,,,,,,,,,,
18,orissa,1346,Dhenkanal,7,1346,Dhenkanal,7,120,odisha,1346,dhenkanal,383,1346,dhenkanal,383,ODISHA,DHENKANAL,,,,,,,,,,,,,,
,,,,,,,,120,odisha,1346,anugul,384,1346,anugul,384,ODISHA,ANGUL,,,,,,,,,,,,,,
18,orissa,1353,Phulabani,8,1353,Phulabani,8,120,odisha,1353,kandhamal,390,1353,kandhamal,390,ODISHA,KANDHAMAL,,,,,,,,,,,,,,
,,,,,,,,120,odisha,1353,baudh,391,1353,baudh,391,ODISHA,BOUDH,,,,,,,,,,,,,,
18,orissa,1356,Balangir,9,1356,Balangir,9,120,odisha,1356,balangir,393,1356,balangir,393,ODISHA,BALANGIR,,,,,,,,,,,,,,
,,,,,,,,120,odisha,1356,subarnapur,392,1356,subarnapur,392,ODISHA,SONEPUR,,,,,,,,,,,,,,
18,orissa,1358,Kalahandi,10,1358,Kalahandi,10,120,odisha,1358,kalahandi,395,1358,kalahandi,395,ODISHA,KALAHANDI,,,,,,,,,,,,,,
,,,,,,,,120,odisha,1358,nuapada,394,1358,nuapada,394,ODISHA,NUAPADA,,,,,,,,,,,,,,
18,orissa,1361,Koraput,11,1361,Koraput,11,120,odisha,1361,koraput,398,1361,koraput,398,ODISHA,KORAPUT,,,,,,,,,,,,,,
,,,,,,,,120,odisha,1361,rayagada,396,1361,rayagada,396,ODISHA,RAYAGADA,,,,,,,,,,,,,,
,,,,,,,,120,odisha,1361,nabarangapur,397,1361,nabarangapur,397,ODISHA,NABARANGAPUR,,,,,,,,,,,,,,
,,,,,,,,120,odisha,1361,malkangiri,399,1361,malkangiri,399,ODISHA,MALKANGIRI,,,,,,,,,,,,,,
18,orissa,1351,Ganjam,12,1351,Ganjam,12,120,odisha,1351,ganjam,388,1351,ganjam,388,ODISHA,GANJAM,,,,,,,,,,,,,,
,,,,,,,,120,odisha,1351,gajapati,389,1351,gajapati,389,ODISHA,GAJAPATI,,,,,,,,,,,,,,
18,orissa,1350,Puri,13,1350,Puri,13,120,odisha,1350,puri,387,1350,puri,387,ODISHA,PURI,,,,,,,,,,,,,,
,,,,,,,,120,odisha,1350,nayagarh,385,1350,nayagarh,385,ODISHA,NAYAGARH,,,,,,,,,,,,,,
,,,,,,,,120,odisha,1350,khordha,386,1350,khordha,386,ODISHA,KHORDHA,,,,,,,,,,,,,,
19,punjab,1628,GURDASPUR,1,1628,GURDASPUR,1,102,punjab,1628,gurdaspur,35,1628,gurdaspur,881,PUNJAB,GURDASPUR,,,,,,,,,,,,,,
,,,,,,,,102,punjab,,,,1628,pathankot,882,PUNJAB,PATHANKOT,,,,,,,,,,,,,,
19,punjab,1047,AMRITSAR,2,1047,AMRITSAR,2,102,punjab,1047,amritsar,49,1047,amritsar,49,PUNJAB,AMRITSAR,,,,,,,,,,,,,,
,,,,,,,,102,punjab,1047,tarn taran,50,1047,tarn taran,50,PUNJAB,Tarn Taran,,,,,,,,,,,,,,
19,punjab,1040,LUDHIANA,4,1040,LUDHIANA,4,102,punjab,1040,ludhiana,41,1040,ludhiana,41,PUNJAB,LUDHIANA,,,,,,,,,,,,,,
19,punjab,1040,RUPNAGAR,8,1040,RUPNAGAR,8,102,punjab,1040,rupnagar,51,1040,rupnagar,51,PUNJAB,RUPNAGAR,,,,,,,,,,,,,,
19,punjab,1040,PATIALA,9,1040,PATIALA,9,102,punjab,1040,patiala,48,1040,patiala,48,PUNJAB,PATIALA,,,,,,,,,,,,,,
,,,,,,,,102,punjab,1040,fatehgarh sahib,40,1040,fatehgarh sahib,40,PUNJAB,FATEHGARH SAHIB,,,,,,,,,,,,,,
,,,,,,,,102,punjab,1040,sahibzada ajit singh nagar,52,1040,sahibzada ajit s,52,PUNJAB,S.A.S Nagar,,,,,,,,,,,,,,
19,punjab,1035,KAPURTHALA,6,1035,KAPURTHALA,6,102,punjab,1035,kapurthala,36,1035,kapurthala,36,PUNJAB,KAPURTHALA,,,,,,,,,,,,,,
19,punjab,1036,HOSHIARPUR,7,1036,HOSHIARPUR,7,102,punjab,1036,hoshiarpur,38,1036,hoshiarpur,38,PUNJAB,HOSHIARPUR,,,,,,,,,,,,,,
19,punjab,1036,JALANDHAR,5,1036,JALANDHAR,5,102,punjab,1036,jalandhar,37,1036,jalandhar,37,PUNJAB,JALANDHAR,,,,,,,,,,,,,,
,,,,,,,,102,punjab,1036,shahid bhagat singh nagar,53,1036,shahid bhagat si,39,PUNJAB,NAWANSHAHR,,,,,,,,,,,,,,
19,punjab,1051,SANGRUR,10,1051,SANGRUR,10,102,punjab,1051,sangrur,39,1051,sangrur,53,PUNJAB,SANGRUR,,,,,,,,,,,,,,
,,,,,,,,102,punjab,1051,barnala,54,1051,barnala,54,PUNJAB,BARNALA,,,,,,,,,,,,,,
19,punjab,1044,BATHINDA,11,1044,BATHINDA,11,102,punjab,1044,bathinda,46,1044,bathinda,46,PUNJAB,BATHINDA,,,,,,,,,,,,,,
,,,,,,,,102,punjab,1044,mansa,47,1044,mansa,47,PUNJAB,MANSA,,,,,,,,,,,,,,
19,punjab,1627,FARIDKOT,12,1627,FARIDKOT,12,102,punjab,1627,faridkot,45,1627,faridkot,45,PUNJAB,FARIDKOT,,,,,,,,,,,,,,
,,,,,,,,102,punjab,1627,muktsar,44,1627,muktsar,44,PUNJAB,MUKTSAR,,,,,,,,,,,,,,
19,punjab,1627,FIROZPUR,3,1627,FIROZPUR,3,102,punjab,1627,firozpur,43,1627,fazilka,879,PUNJAB,FAZILKA,,,,,,,,,,,,,,
,,,,,,,,102,punjab,,,,1627,firozpur,880,PUNJAB,FEROZEPUR,,,,,,,,,,,,,,
,,,,,,,,102,punjab,1627,moga,42,1627,moga,42,PUNJAB,MOGA,,,,,,,,,,,,,,
20,rajasthan,1087,GANGANAGAR,1,1087,GANGANAGAR,1,107,rajasthan,1087,ganganagar,99,1087,ganganagar,99,RAJASTHAN,GANGANAGAR,,,,,,,,,,,,,,
,,,,,,,,107,rajasthan,1087,hanumangarh,100,1087,hanumangarh,100,RAJASTHAN,HANUMANGARH,,,,,,,,,,,,,,
20,rajasthan,1089,BIKANER,2,1089,BIKANER,2,107,rajasthan,1089,bikaner,101,1089,bikaner,101,RAJASTHAN,BIKANER,,,,,,,,,,,,,,
20,rajasthan,1090,CHURU,3,1090,CHURU,3,107,rajasthan,1090,churu,102,1090,churu,102,RAJASTHAN,CHURU,,,,,,,,,,,,,,
20,rajasthan,1091,JHUNJHUNUN,4,1091,JHUNJHUNUN,4,107,rajasthan,1091,jhunjhunun,103,1091,jhunjhunun,103,RAJASTHAN,JHUNJHUNU,,,,,,,,,,,,,,
20,rajasthan,1092,ALWAR,5,1092,ALWAR,5,107,rajasthan,1092,alwar,104,1092,alwar,104,RAJASTHAN,ALWAR,,,,,,,,,,,,,,
20,rajasthan,1093,BHARATPUR,6,1093,BHARATPUR,6,107,rajasthan,1093,bharatpur,105,1093,bharatpur,105,RAJASTHAN,BHARATPUR,,,,,,,,,,,,,,
20,rajasthan,1094,DHAULPUR,7,1094,DHAULPUR,7,107,rajasthan,1094,dhaulpur,106,1094,dhaulpur,106,RAJASTHAN,DHOLPUR,,,,,,,,,,,,,,
,,,,,,,,107,rajasthan,1098,karauli,107,1098,karauli,107,RAJASTHAN,KARAULI,,,,,,,,,,,,,,
20,rajasthan,1098,SAWAI MADHOPUR,8,1098,SAWAI MADHOPUR,8,107,rajasthan,1098,sawai madhopur,108,1098,sawai madhopur,108,RAJASTHAN,SAWAI MADHOPUR,,,,,,,,,,,,,,
,,,,,,,,107,rajasthan,1098,dausa,109,1098,dausa,109,RAJASTHAN,DAUSA,,,,,,,,,,,,,,
20,rajasthan,1098,JAIPUR,9,1098,JAIPUR,9,107,rajasthan,1098,jaipur,110,1098,jaipur,110,RAJASTHAN,JAIPUR,,,,,,,,,,,,,,
20,rajasthan,1099,SIKAR,10,1099,SIKAR,10,107,rajasthan,1099,sikar,111,1099,sikar,111,RAJASTHAN,SIKAR,,,,,,,,,,,,,,
20,rajasthan,1100,NAGAUR,15,1100,NAGAUR,15,107,rajasthan,1100,nagaur,112,1100,nagaur,112,RAJASTHAN,NAGAUR,,,,,,,,,,,,,,
20,rajasthan,1101,JODHPUR,14,1101,JODHPUR,14,107,rajasthan,1101,jodhpur,113,1101,jodhpur,113,RAJASTHAN,JODHPUR,,,,,,,,,,,,,,
20,rajasthan,1102,JAISALMER,13,1102,JAISALMER,13,107,rajasthan,1102,jaisalmer,114,1102,jaisalmer,114,RAJASTHAN,JAISALMER,,,,,,,,,,,,,,
20,rajasthan,1103,BARMER,17,1103,BARMER,17,107,rajasthan,1103,barmer,115,1103,barmer,115,RAJASTHAN,BARMER,,,,,,,,,,,,,,
20,rajasthan,1104,JALOR,18,1104,JALOR,18,107,rajasthan,1104,jalor,116,1104,jalor,116,RAJASTHAN,JALOR,,,,,,,,,,,,,,
20,rajasthan,1105,SIROHI,19,1105,SIROHI,19,107,rajasthan,1105,sirohi,117,1105,sirohi,117,RAJASTHAN,SIROHI,,,,,,,,,,,,,,
20,rajasthan,1106,PALI,16,1106,PALI,16,107,rajasthan,1106,pali,118,1106,pali,118,RAJASTHAN,PALI,,,,,,,,,,,,,,
20,rajasthan,1107,AJMER,11,1107,AJMER,11,107,rajasthan,1107,ajmer,119,1107,ajmer,119,RAJASTHAN,AJMER,,,,,,,,,,,,,,
20,rajasthan,1108,TONK,12,1108,TONK,12,107,rajasthan,1108,tonk,120,1108,tonk,120,RAJASTHAN,TONK,,,,,,,,,,,,,,
20,rajasthan,1109,BUNDI,25,1109,BUNDI,25,107,rajasthan,1109,bundi,121,1109,bundi,121,RAJASTHAN,BUNDI,,,,,,,,,,,,,,
20,rajasthan,1110,BHILWARA,20,1110,BHILWARA,20,107,rajasthan,1110,bhilwara,122,1110,bhilwara,122,RAJASTHAN,BHILWARA,,,,,,,,,,,,,,
20,rajasthan,1112,DUNGARPUR,23,1112,DUNGARPUR,23,107,rajasthan,1112,dungarpur,124,1112,dungarpur,124,RAJASTHAN,DUNGARPUR,,,,,,,,,,,,,,
20,rajasthan,1115,KOTA,26,1115,KOTA,26,107,rajasthan,1115,kota,127,1115,kota,127,RAJASTHAN,KOTA,,,,,,,,,,,,,,
,,,,,,,,107,rajasthan,1115,baran,128,1115,baran,128,RAJASTHAN,BARAN,,,,,,,,,,,,,,
20,rajasthan,,,,1117,JHALAWAR,27,107,rajasthan,1117,jhalawar,129,1117,jhalawar,129,RAJASTHAN,JHALAWAR,,,,,,,,,,,,,,
20,rajasthan,1114,,,1114,BANSWARA,24,107,rajasthan,1114,banswara,125,1114,banswara,125,RAJASTHAN,BANSWARA,,,,,,,,,,,,,,
20,rajasthan,1114,CHITTAURGARH,22,1114,CHITTAURGARH,22,107,rajasthan,1114,chittaurgarh,126,1114,chittaurgarh,126,RAJASTHAN,CHITTORGARH,,,,,,,,,,,,,,
20,rajasthan,1114,UDAIPUR,21,1114,UDAIPUR,21,107,rajasthan,1114,udaipur,130,1114,udaipur,130,RAJASTHAN,UDAIPUR,,,,,,,,,,,,,,
,,,,,,,,107,rajasthan,1114,rajsamand,123,1114,rajsamand,123,RAJASTHAN,RAJSAMAND,,,,,,,,,,,,,,
,,,,,,,,107,rajasthan,1114,pratapgarh,131,1114,pratapgarh,131,RAJASTHAN,PRATAPGARH,,,,,,,,,,,,,,
21,sikkim,,,,1223,NORTH DISTRICT,1,110,sikkim,1223,north  district,241,1223,north  district,241,SIKKIM,NORTH SIKKIM,,,,,,,,,,,,,,
21,sikkim,,,,1226,EAST DISTRICT,4,110,sikkim,1226,east district,244,1226,east district,244,SIKKIM,EAST SIKKIM,,,,,,,,,,,,,,
21,sikkim,,,,1225,SOUTH DISTRICT,3,110,sikkim,1225,south district,243,1225,south district,243,SIKKIM,SOUTH SIKKIM,,,,,,,,,,,,,,
21,sikkim,,,,1224,WEST DISTRICT,2,110,sikkim,1224,west district,242,1224,west district,242,SIKKIM,WEST SIKKIM,,,,,,,,,,,,,,
,,,,,,,,131,tamil nadu,1537,thiruvallur,602,1537,thiruvallur,602,TAMIL NADU,TIRUVALLUR,,,,,,,,,,,,,,
22,tamil nadu,1538,Chennai,1,1538,Chennai,1,131,tamil nadu,1538,chennai,603,1538,chennai,603,TAMIL NADU,0,,,,,,,,,,,,,,
22,tamil nadu,1537,Chengalpattu-M.G.R.,2,1537,Chengalpattu-M.G.R.,2,131,tamil nadu,1537,kancheepuram,604,1537,kancheepuram,604,TAMIL NADU,KANCHIPURAM,,,,,,,,,,,,,,
22,tamil nadu,1540,North Arcot Ambedkar,3,1540,North Arcot Ambedkar,3,131,tamil nadu,1540,vellore,605,1540,vellore,605,TAMIL NADU,VELLORE,,,,,,,,,,,,,,
22,tamil nadu,1541,Tiruvannamalai Sambuvarayar,5,1541,Tiruvannamalai Sambuvarayar,5,131,tamil nadu,1541,tiruvannamalai,606,1541,tiruvannamalai,606,TAMIL NADU,TIRUVANNAMALAI,,,,,,,,,,,,,,
,,,,,,,,131,tamil nadu,1542,viluppuram,607,1542,viluppuram,607,TAMIL NADU,VILLUPURAM,,,,,,,,,,,,,,
22,tamil nadu,1543,Salem,7,1543,Salem,7,131,tamil nadu,1543,salem,608,1543,salem,608,TAMIL NADU,SALEM,,,,,,,,,,,,,,
,,,,,,,,131,tamil nadu,1543,namakkal,609,1543,namakkal,609,TAMIL NADU,NAMAKKAL,,,,,,,,,,,,,,
22,tamil nadu,1545,Periyar,8,1545,Periyar,8,131,tamil nadu,1545,erode,610,1545,erode,610,TAMIL NADU,ERODE,,,,,,,,,,,,,,
22,tamil nadu,1546,Nilgiris,9,1546,Nilgiris,9,131,tamil nadu,1546,the nilgiris,611,1546,the nilgiris,611,TAMIL NADU,NILGIRIS(UDHAGAMANDALAM),,,,,,,,,,,,,,
22,tamil nadu,1547,Dindigul-Anna,11,1547,Dindigul-Anna,11,131,tamil nadu,1547,dindigul,612,1547,dindigul,612,TAMIL NADU,DINDIGUL,,,,,,,,,,,,,,
,,,,,,,,131,tamil nadu,1548,karur,613,1548,karur,613,TAMIL NADU,KARUR,,,,,,,,,,,,,,
22,tamil nadu,1548,Tiruchirappalli,12,1548,Tiruchirappalli,12,131,tamil nadu,1548,tiruchirappalli,614,1548,tiruchirappalli,614,TAMIL NADU,TIRUCHIRAPPALLI,,,,,,,,,,,,,,
,,,,,,,,131,tamil nadu,1548,perambalur,615,1548,perambalur,615,TAMIL NADU,PERAMBALUR,,,,,,,,,,,,,,
,,,,,,,,131,tamil nadu,1548,ariyalur,616,1548,ariyalur,616,TAMIL NADU,Ariyalur,,,,,,,,,,,,,,
22,tamil nadu,1542,South Arcot,6,1542,South Arcot,6,131,tamil nadu,1542,cuddalore,617,1542,cuddalore,617,TAMIL NADU,CUDDALORE,,,,,,,,,,,,,,
,,,,,,,,131,tamil nadu,1555,nagapattinam,618,1555,nagapattinam,618,TAMIL NADU,NAGAPATTINAM,,,,,,,,,,,,,,
,,,,,,,,131,tamil nadu,1555,thiruvarur,619,1555,thiruvarur,619,TAMIL NADU,TIRUVARUR,,,,,,,,,,,,,,
22,tamil nadu,1555,Thanjavur,13,1555,Thanjavur,13,131,tamil nadu,1555,thanjavur,620,1555,thanjavur,620,TAMIL NADU,THANJAVUR,,,,,,,,,,,,,,
22,tamil nadu,1556,Pudukkottai,14,1556,Pudukkottai,14,131,tamil nadu,1556,pudukkottai,621,1556,pudukkottai,621,TAMIL NADU,PUDUKKOTTAI,,,,,,,,,,,,,,
22,tamil nadu,1557,Pasumpon Muthuramalinga The,15,1557,Pasumpon Muthuramalinga The,15,131,tamil nadu,1557,sivaganga,622,1557,sivaganga,622,TAMIL NADU,SIVAGANGA,,,,,,,,,,,,,,
22,tamil nadu,1558,Madurai,16,1558,Madurai,16,131,tamil nadu,1558,madurai,623,1558,madurai,623,TAMIL NADU,MADURAI,,,,,,,,,,,,,,
,,,,,,,,131,tamil nadu,1558,theni,624,1558,theni,624,TAMIL NADU,THENI,,,,,,,,,,,,,,
22,tamil nadu,1560,Kamarajar,17,1560,Kamarajar,17,131,tamil nadu,1560,virudhunagar,625,1560,virudhunagar,625,TAMIL NADU,VIRUDHUNAGAR,,,,,,,,,,,,,,
22,tamil nadu,,,,1561,Ramanathapuram,18,131,tamil nadu,1561,ramanathapuram,626,1561,ramanathapuram,626,TAMIL NADU,RAMANATHAPURAM,,,,,,,,,,,,,,
22,tamil nadu,,,,1562,Chidambaranar,19,131,tamil nadu,1562,thoothukkudi,627,1562,thoothukkudi,627,TAMIL NADU,THOOTHUKUDI,,,,,,,,,,,,,,
22,tamil nadu,,,,1563,Tirunelveli Kattabomman,20,131,tamil nadu,1563,tirunelveli,628,1563,tirunelveli,628,TAMIL NADU,TIRUNELVELI,,,,,,,,,,,,,,
22,tamil nadu,,,,1564,Kanniyakumari,21,131,tamil nadu,1564,kanniyakumari,629,1564,kanniyakumari,629,TAMIL NADU,KANYAKUMARI(NAGERCOIL),,,,,,,,,,,,,,
22,tamil nadu,1565,Dharmapuri,4,1565,Dharmapuri,4,131,tamil nadu,1565,dharmapuri,630,1565,dharmapuri,630,TAMIL NADU,DHARMAPURI,,,,,,,,,,,,,,
,,,,,,,,131,tamil nadu,1565,krishnagiri,631,1565,krishnagiri,631,TAMIL NADU,KRISHNAGIRI,,,,,,,,,,,,,,
22,tamil nadu,1545,Coimbatore,10,1545,Coimbatore,10,131,tamil nadu,1545,coimbatore,632,1545,coimbatore,632,TAMIL NADU,COIMBATORE,,,,,,,,,,,,,,
,,,,,,,,131,tamil nadu,1545,tiruppur,633,1545,tiruppur,633,TAMIL NADU,TIRUPPUR,,,,,,,,,,,,,,
,,,,,,,,131,tamil nadu,1569,yanam,634,1569,yanam,634,PUDUCHERRY,0,,,,,,,,,,,,,,
23,west bengal,1291,DARJILING,3,1291,DARJILING,3,118,west bengal,1291,darjiling,327,1291,darjiling,327,WEST BENGAL,DARJEELING,,,,,,,,,,,,,,
23,west bengal,1292,JALPAIGURI,2,1292,JALPAIGURI,2,118,west bengal,1292,jalpaiguri,328,1292,jalpaiguri,328,WEST BENGAL,JALPAIGURI,,,,,,,,,,,,,,
23,west bengal,1293,KOCHBIHAR,1,1293,KOCHBIHAR,1,118,west bengal,1293,koch bihar,329,1293,koch bihar,329,WEST BENGAL,COOCH BEHAR,,,,,,,,,,,,,,
23,west bengal,1294,WEST DINAJPUR,4,1294,WEST DINAJPUR,4,118,west bengal,1294,uttar dinajpur,330,1294,uttar dinajpur,330,WEST BENGAL,UTTAR DINAJPUR,,,,,,,,,,,,,,
,,,,,,,,118,west bengal,1294,dakshin dinajpur,331,1294,dakshin dinajpur,331,WEST BENGAL,DAKSHIN DINAJPUR,,,,,,,,,,,,,,
23,west bengal,1296,MALDAH,5,1296,MALDAH,5,118,west bengal,1296,maldah,332,1296,maldah,332,WEST BENGAL,MALDA,,,,,,,,,,,,,,
23,west bengal,1297,MURSHIDABAD,6,1297,MURSHIDABAD,6,118,west bengal,1297,murshidabad,333,1297,murshidabad,333,WEST BENGAL,MURSHIDABAD,,,,,,,,,,,,,,
23,west bengal,,,,1298,BIRBHUM,17,118,west bengal,1298,birbhum,334,1298,birbhum,334,WEST BENGAL,BIRBHUM,,,,,,,,,,,,,,
23,west bengal,1299,NADIA,7,1299,NADIA,7,118,west bengal,1299,nadia,336,1299,nadia,336,WEST BENGAL,NADIA,,,,,,,,,,,,,,
23,west bengal,1300,NORTH TWENTY FOUR PARGANAS,8,1300,NORTH TWENTY FOUR PARGANAS,8,118,west bengal,1300,north twenty four parganas,337,1300,north twenty fou,337,WEST BENGAL,NORTH 24 PARAGANAS,,,,,,,,,,,,,,
23,west bengal,1301,HUGLI,12,1301,HUGLI,12,118,west bengal,1301,hugli,338,1301,hugli,338,WEST BENGAL,HOOGHLY,,,,,,,,,,,,,,
23,west bengal,1302,BANKURA,14,1302,BANKURA,14,118,west bengal,1302,bankura,339,1302,bankura,339,WEST BENGAL,BANKURA,,,,,,,,,,,,,,
23,west bengal,1303,PURULIYA,15,1303,PURULIYA,15,118,west bengal,1303,puruliya,340,1303,puruliya,340,WEST BENGAL,PURULIA,,,,,,,,,,,,,,
23,west bengal,1304,HAORA,11,1304,HAORA,11,118,west bengal,1304,haora,341,1304,haora,341,WEST BENGAL,HOWRAH,,,,,,,,,,,,,,
23,west bengal,1305,CALCUTTA,10,1305,CALCUTTA,10,118,west bengal,1305,kolkata,342,1305,kolkata,342,WEST BENGAL,0,,,,,,,,,,,,,,
23,west bengal,1306,SOUTH TWENTY FOUR PARGANAS,9,1306,SOUTH TWENTY FOUR PARGANAS,9,118,west bengal,1306,south twenty four parganas,343,1306,south twenty fou,343,WEST BENGAL,SOUTH 24 PARAGANAS,,,,,,,,,,,,,,
23,west bengal,1307,MEDINIPUR,13,1307,MEDINIPUR,13,118,west bengal,1307,paschim medinipur,344,1307,paschim medinipu,344,WEST BENGAL,MIDNAPUR WEST,,,,,,,,,,,,,,
,,,,,,,,118,west bengal,1307,purba medinipur,345,1307,purba medinipur,345,WEST BENGAL,MIDNAPUR EAST,,,,,,,,,,,,,,
23,west bengal,1647,BARDDHAMAN,16,1647,BARDDHAMAN,16,118,west bengal,1647,barddhaman,335,1647,paschim barddham,931,WEST BENGAL,PASCHIM BARDHAMAN,,,,,,,,,,,,,,
,,,,,,,,118,west bengal,,,,1647,purba barddhaman,932,WEST BENGAL,PURBA BARDHAMAN,,,,,,,,,,,,,,
,,,,,,,,104,uttarakhand,1054,uttarkashi,56,1054,uttarkashi,56,UTTARAKHAND,UTTARKASHI,,,,,,,,,,,,,,
24,uttar pradesh,1055,Chamoli,2,1055,Chamoli,2,104,uttarakhand,1055,chamoli,57,1055,chamoli,57,UTTARAKHAND,CHAMOLI,,,,,,,,,,,,,,
,,,,,,,,104,uttarakhand,1055,rudraprayag,58,1055,rudraprayag,58,UTTARAKHAND,RUDRAPRAYAG,,,,,,,,,,,,,,
24,uttar pradesh,1055,Tehri Garhwal,3,1055,Tehri Garhwal,3,104,uttarakhand,1055,tehri garhwal,59,1055,tehri garhwal,59,UTTARAKHAND,TEHRI GARHWAL,,,,,,,,,,,,,,
24,uttar pradesh,1055,Garhwal,5,1055,Garhwal,5,104,uttarakhand,1055,garhwal,61,1055,garhwal,61,UTTARAKHAND,PAURI(GARHWAL),,,,,,,,,,,,,,
24,uttar pradesh,1058,Dehradun,4,1058,Dehradun,4,104,uttarakhand,1058,dehradun,60,1058,dehradun,60,UTTARAKHAND,DEHRADUN,,,,,,,,,,,,,,
24,uttar pradesh,1064,Nainital,8,1064,Nainital,8,104,uttarakhand,1064,nainital,66,1064,nainital,66,UTTARAKHAND,NAINITAL,,,,,,,,,,,,,,
,,,,,,,,104,uttarakhand,1064,udham singh nagar,67,1064,udham singh naga,67,UTTARAKHAND,UDHAM SINGH NAGAR,,,,,,,,,,,,,,
24,uttar pradesh,1064,Pithoragarh,6,1064,Pithoragarh,6,104,uttarakhand,1064,pithoragarh,62,1064,pithoragarh,62,UTTARAKHAND,PITHORAGARH,,,,,,,,,,,,,,
,,,,,,,,104,uttarakhand,1064,champawat,65,1064,champawat,65,UTTARAKHAND,CHAMPAWAT,,,,,,,,,,,,,,
,,,,,,,,104,uttarakhand,1062,bageshwar,63,1062,bageshwar,63,UTTARAKHAND,BAGESHWAR,,,,,,,,,,,,,,
24,uttar pradesh,1062,Almora,7,1062,Almora,7,104,uttarakhand,1062,almora,64,1062,almora,64,UTTARAKHAND,ALMORA,,,,,,,,,,,,,,
24,uttar pradesh,1066,Hardwar,13,1066,Hardwar,13,104,uttarakhand,1066,hardwar,68,1066,hardwar,68,UTTARAKHAND,HARIDWAR,,,,,,,,,,,,,,
24,uttar pradesh,1120,Saharanpur,12,1120,Saharanpur,12,108,uttar pradesh,1120,saharanpur,132,1120,saharanpur,132,UTTAR PRADESH,SAHARANPUR,,,,,,,,,,,,,,
24,uttar pradesh,1121,Bijnor,9,1121,Bijnor,9,108,uttar pradesh,1121,bijnor,134,1121,bijnor,134,UTTAR PRADESH,BIJNOR,,,,,,,,,,,,,,
24,uttar pradesh,1122,Rampur,11,1122,Rampur,11,108,uttar pradesh,1122,rampur,136,1122,rampur,136,UTTAR PRADESH,RAMPUR,,,,,,,,,,,,,,
,,,,,,,,108,uttar pradesh,1645,jyotiba phule nagar,137,1645,jyotiba phule na,137,UTTAR PRADESH,JYOTIBA PHULE NAGAR (AMROHA),,,,,,,,,,,,,,
24,uttar pradesh,1645,Moradabad,10,1645,Moradabad,10,108,uttar pradesh,1645,moradabad,135,1645,moradabad,925,UTTAR PRADESH,MORADABAD,,,,,,,,,,,,,,
,,,,,,,,108,uttar pradesh,,,,1645,sambhal,928,UTTAR PRADESH,SAMBHAL,,,,,,,,,,,,,,
24,uttar pradesh,1645,Budaun,24,1645,Budaun,24,108,uttar pradesh,1645,budaun,149,1645,budaun,922,UTTAR PRADESH,BUDAUN,,,,,,,,,,,,,,
24,uttar pradesh,1124,Meerut,15,1124,Meerut,15,108,uttar pradesh,1124,meerut,138,1124,meerut,138,UTTAR PRADESH,MEERUT,,,,,,,,,,,,,,
,,,,,,,,108,uttar pradesh,1124,baghpat,139,1124,baghpat,139,UTTAR PRADESH,BAGPAT,,,,,,,,,,,,,,
,,,,,,,,108,uttar pradesh,1644,gautam buddha nagar,141,1644,gautam buddha na,141,UTTAR PRADESH,GAUTAM BUDDHA NAGAR,,,,,,,,,,,,,,
24,uttar pradesh,1644,Bulandshahr,17,1644,Bulandshahr,17,108,uttar pradesh,1644,bulandshahr,142,1644,bulandshahr,142,UTTAR PRADESH,BULANDSHAHR,,,,,,,,,,,,,,
24,uttar pradesh,1644,Ghaziabad,16,1644,Ghaziabad,16,108,uttar pradesh,1644,ghaziabad,140,1644,ghaziabad,923,UTTAR PRADESH,GHAZIABAD,,,,,,,,,,,,,,
,,,,,,,,108,uttar pradesh,,,,1644,hapur,924,UTTAR PRADESH,HAPUR,,,,,,,,,,,,,,
24,uttar pradesh,1130,Aligarh,18,1130,Aligarh,18,108,uttar pradesh,1130,aligarh,143,1130,aligarh,143,UTTAR PRADESH,ALIGARH,,,,,,,,,,,,,,
,,,,,,,,108,uttar pradesh,1130,mahamaya nagar,144,1130,mahamaya nagar,144,UTTAR PRADESH,MAHAMAYA NAGAR(HATHRAS),,,,,,,,,,,,,,
24,uttar pradesh,1130,Mathura,19,1130,Mathura,19,108,uttar pradesh,1130,mathura,145,1130,mathura,145,UTTAR PRADESH,MATHURA,,,,,,,,,,,,,,
24,uttar pradesh,1131,Agra,20,1131,Agra,20,108,uttar pradesh,1131,agra,146,1131,agra,146,UTTAR PRADESH,AGRA,,,,,,,,,,,,,,
24,uttar pradesh,1132,Firozabad,21,1132,Firozabad,21,108,uttar pradesh,1132,firozabad,147,1132,firozabad,147,UTTAR PRADESH,FIROZABAD,,,,,,,,,,,,,,
24,uttar pradesh,1133,Mainpuri,23,1133,Mainpuri,23,108,uttar pradesh,1133,mainpuri,148,1133,mainpuri,148,UTTAR PRADESH,MAINPURI,,,,,,,,,,,,,,
24,uttar pradesh,1134,Bareilly,25,1134,Bareilly,25,108,uttar pradesh,1134,bareilly,150,1134,bareilly,150,UTTAR PRADESH,BAREILLY,,,,,,,,,,,,,,
24,uttar pradesh,1135,Pilibhit,26,1135,Pilibhit,26,108,uttar pradesh,1135,pilibhit,151,1135,pilibhit,151,UTTAR PRADESH,PILIBHIT,,,,,,,,,,,,,,
24,uttar pradesh,1136,Shahjahanpur,27,1136,Shahjahanpur,27,108,uttar pradesh,1136,shahjahanpur,152,1136,shahjahanpur,152,UTTAR PRADESH,SHAHJAHANPUR,,,,,,,,,,,,,,
24,uttar pradesh,1137,Kheri,28,1137,Kheri,28,108,uttar pradesh,1137,kheri,153,1137,kheri,153,UTTAR PRADESH,LAKHIMPUR KHERI,,,,,,,,,,,,,,
24,uttar pradesh,1138,Sitapur,29,1138,Sitapur,29,108,uttar pradesh,1138,sitapur,154,1138,sitapur,154,UTTAR PRADESH,SITAPUR,,,,,,,,,,,,,,
24,uttar pradesh,1139,Hardoi,30,1139,Hardoi,30,108,uttar pradesh,1139,hardoi,155,1139,hardoi,155,UTTAR PRADESH,HARDOI,,,,,,,,,,,,,,
24,uttar pradesh,1140,Unnao,31,1140,Unnao,31,108,uttar pradesh,1140,unnao,156,1140,unnao,156,UTTAR PRADESH,UNNAO,,,,,,,,,,,,,,
24,uttar pradesh,1141,Lucknow,32,1141,Lucknow,32,108,uttar pradesh,1141,lucknow,157,1141,lucknow,157,UTTAR PRADESH,LUCKNOW,,,,,,,,,,,,,,
24,uttar pradesh,,,,1142,Farrukhabad,34,108,uttar pradesh,1142,farrukhabad,159,1142,farrukhabad,159,UTTAR PRADESH,FARRUKHABAD,,,,,,,,,,,,,,
,,,,,,,,108,uttar pradesh,1142,kannauj,160,1142,kannauj,160,UTTAR PRADESH,KANNAUJ,,,,,,,,,,,,,,
24,uttar pradesh,1144,Etawah,35,1144,Etawah,35,108,uttar pradesh,1144,etawah,161,1144,etawah,161,UTTAR PRADESH,ETAWAH,,,,,,,,,,,,,,
,,,,,,,,108,uttar pradesh,1144,auraiya,162,1144,auraiya,162,UTTAR PRADESH,AURAIYA,,,,,,,,,,,,,,
24,uttar pradesh,1146,Kanpur Dehat,36,1146,Kanpur Dehat,36,108,uttar pradesh,1146,kanpur dehat,163,1146,kanpur dehat,163,UTTAR PRADESH,KANPUR DEHAT,,,,,,,,,,,,,,
24,uttar pradesh,1146,Kanpur Nagar,37,1146,Kanpur Nagar,37,108,uttar pradesh,1146,kanpur nagar,164,1146,kanpur nagar,164,UTTAR PRADESH,KANPUR NAGAR,,,,,,,,,,,,,,
24,uttar pradesh,1148,Jalaun,38,1148,Jalaun,38,108,uttar pradesh,1148,jalaun,165,1148,jalaun,165,UTTAR PRADESH,JALAUN,,,,,,,,,,,,,,
24,uttar pradesh,1149,Jhansi,39,1149,Jhansi,39,108,uttar pradesh,1149,jhansi,166,1149,jhansi,166,UTTAR PRADESH,JHANSI,,,,,,,,,,,,,,
24,uttar pradesh,1150,Lalitpur,40,,,,108,uttar pradesh,1150,lalitpur,167,1150,lalitpur,167,UTTAR PRADESH,LALITPUR,,,,,,,,,,,,,,
24,uttar pradesh,1151,Hamirpur,41,1151,Hamirpur,41,108,uttar pradesh,1151,hamirpur,168,1151,hamirpur,168,UTTAR PRADESH,HAMIRPUR,,,,,,,,,,,,,,
,,,,,,,,108,uttar pradesh,1151,mahoba,169,1151,mahoba,169,UTTAR PRADESH,MAHOBA,,,,,,,,,,,,,,
24,uttar pradesh,1152,Banda,42,1152,Banda,42,108,uttar pradesh,1152,banda,170,1152,banda,170,UTTAR PRADESH,BANDA,,,,,,,,,,,,,,
,,,,,,,,108,uttar pradesh,1152,chitrakoot,171,1152,chitrakoot,171,UTTAR PRADESH,CHITRAKOOT,,,,,,,,,,,,,,
24,uttar pradesh,1642,Rae Bareli,33,1642,Rae Bareli,33,108,uttar pradesh,1642,rae bareli,158,1642,rae bareli,927,UTTAR PRADESH,RAE BARELI,,,,,,,,,,,,,,
24,uttar pradesh,1642,Sultanpur,50,1642,Sultanpur,50,108,uttar pradesh,1642,sultanpur,179,1642,sultanpur,930,UTTAR PRADESH,SULTANPUR,,,,,,,,,,,,,,
,,,,,,,,108,uttar pradesh,,,,1642,amethi,921,UTTAR PRADESH,AMETHI,,,,,,,,,,,,,,
24,uttar pradesh,1155,Fatehpur,43,1155,Fatehpur,43,108,uttar pradesh,1155,fatehpur,172,1155,fatehpur,172,UTTAR PRADESH,FATEHPUR,,,,,,,,,,,,,,
24,uttar pradesh,1156,Pratapgarh,44,1156,Pratapgarh,44,108,uttar pradesh,1156,pratapgarh,173,1156,pratapgarh,173,UTTAR PRADESH,PRATAPGARH,,,,,,,,,,,,,,
,,,,,,,,108,uttar pradesh,1158,kaushambi,174,1158,kaushambi,174,UTTAR PRADESH,KAUSHAMBI,,,,,,,,,,,,,,
24,uttar pradesh,1158,Allahabad,45,1158,Allahabad,45,108,uttar pradesh,1158,allahabad,175,1158,allahabad,175,UTTAR PRADESH,ALLAHABAD,,,,,,,,,,,,,,
24,uttar pradesh,1160,Barabanki,48,1160,Barabanki,48,108,uttar pradesh,1160,bara banki,176,1160,bara banki,176,UTTAR PRADESH,BARABANKI,,,,,,,,,,,,,,
24,uttar pradesh,1160,Faizabad,49,1160,Faizabad,49,108,uttar pradesh,1160,faizabad,177,1160,faizabad,177,UTTAR PRADESH,FAIZABAD,,,,,,,,,,,,,,
,,,,,,,,108,uttar pradesh,1160,ambedkar nagar,178,1160,ambedkar nagar,178,UTTAR PRADESH,AMBEDKAR NAGAR,,,,,,,,,,,,,,
24,uttar pradesh,1162,Bahraich,46,1162,Bahraich,46,108,uttar pradesh,1162,bahraich,180,1162,bahraich,180,UTTAR PRADESH,BAHRAICH,,,,,,,,,,,,,,
,,,,,,,,108,uttar pradesh,1162,shrawasti,181,1162,shrawasti,181,UTTAR PRADESH,SHRAVASTI,,,,,,,,,,,,,,
,,,,,,,,108,uttar pradesh,1165,balrampur,182,1165,balrampur,182,UTTAR PRADESH,BALRAMPUR,,,,,,,,,,,,,,
24,uttar pradesh,1165,Gonda,47,1165,Gonda,47,108,uttar pradesh,1165,gonda,183,1165,gonda,183,UTTAR PRADESH,GONDA,,,,,,,,,,,,,,
24,uttar pradesh,1167,Siddharthnagar,51,1167,Siddharthnagar,51,108,uttar pradesh,1167,siddharth nagar,184,1167,siddharthnagar,184,UTTAR PRADESH,SIDDHARTHNAGAR,,,,,,,,,,,,,,
24,uttar pradesh,1167,Basti,53,1167,Basti,53,108,uttar pradesh,1167,basti,185,1167,basti,185,UTTAR PRADESH,BASTI,,,,,,,,,,,,,,
,,,,,,,,108,uttar pradesh,1167,sant kabir nagar,186,1167,sant kabir nagar,186,UTTAR PRADESH,SANT KABIR NAGAR,,,,,,,,,,,,,,
24,uttar pradesh,1169,Mahrajganj,52,1169,Mahrajganj,52,108,uttar pradesh,1169,mahrajganj,187,1169,mahrajganj,187,UTTAR PRADESH,MAHARAJGANJ,,,,,,,,,,,,,,
24,uttar pradesh,1170,Gorakhpur,54,1170,Gorakhpur,54,108,uttar pradesh,1170,gorakhpur,188,1170,gorakhpur,188,UTTAR PRADESH,GORAKHPUR,,,,,,,,,,,,,,
,,,,,,,,108,uttar pradesh,1172,kushinagar,189,1172,kushinagar,189,UTTAR PRADESH,KUSHINAGAR,,,,,,,,,,,,,,
24,uttar pradesh,1172,Deoria,55,1172,Deoria,55,108,uttar pradesh,1172,deoria,190,1172,deoria,190,UTTAR PRADESH,DEORIA,,,,,,,,,,,,,,
24,uttar pradesh,,,,1173,Azamgarh,57,108,uttar pradesh,1173,azamgarh,191,1173,azamgarh,191,UTTAR PRADESH,AZAMGARH,,,,,,,,,,,,,,
24,uttar pradesh,1174,Mau,56,1174,Mau,56,108,uttar pradesh,1174,mau,192,1174,mau,192,UTTAR PRADESH,MAU,,,,,,,,,,,,,,
24,uttar pradesh,,,,1175,Ballia,59,108,uttar pradesh,1175,ballia,193,1175,ballia,193,UTTAR PRADESH,BALLIA,,,,,,,,,,,,,,
24,uttar pradesh,,,,1176,Jaunpur,58,108,uttar pradesh,1176,jaunpur,194,1176,jaunpur,194,UTTAR PRADESH,JAUNPUR,,,,,,,,,,,,,,
24,uttar pradesh,,,,1177,Ghazipur,60,108,uttar pradesh,1177,ghazipur,195,1177,ghazipur,195,UTTAR PRADESH,GHAZIPUR,,,,,,,,,,,,,,
,,,,,,,,108,uttar pradesh,1179,chandauli,196,1179,chandauli,196,UTTAR PRADESH,CHANDAULI,,,,,,,,,,,,,,
24,uttar pradesh,,,,1179,Varanasi,61,108,uttar pradesh,1179,varanasi,197,1179,varanasi,197,UTTAR PRADESH,VARANASI,,,,,,,,,,,,,,
,,,,,,,,108,uttar pradesh,1179,sant ravidas nagar (bhadohi),198,1179,sant ravidas nag,198,UTTAR PRADESH,SANT RAVIDAS NAGAR( BHADOHI),,,,,,,,,,,,,,
24,uttar pradesh,,,,1181,Mirzapur,62,108,uttar pradesh,1181,mirzapur,199,1181,mirzapur,199,UTTAR PRADESH,MIRZAPUR,,,,,,,,,,,,,,
24,uttar pradesh,,,,1182,Sonbhadra,63,108,uttar pradesh,1182,sonbhadra,200,1182,sonbhadra,200,UTTAR PRADESH,SONBHADRA,,,,,,,,,,,,,,
24,uttar pradesh,1183,Etah,22,1183,Etah,22,108,uttar pradesh,1183,etah,201,1183,etah,201,UTTAR PRADESH,ETAH,,,,,,,,,,,,,,
,,,,,,,,108,uttar pradesh,1183,kanshiram nagar,202,1183,kanshiram nagar,202,UTTAR PRADESH,KANSHIRAM NAGAR (KASGANJ),,,,,,,,,,,,,,
24,uttar pradesh,1646,Muzaffarnagar,14,1646,Muzaffarnagar,14,108,uttar pradesh,1646,muzaffarnagar,133,1646,muzaffarnagar,926,UTTAR PRADESH,MUZAFFARNAGAR,,,,,,,,,,,,,,
,,,,,,,,108,uttar pradesh,,,,1646,shamli,929,UTTAR PRADESH,SHAMLI,,,,,,,,,,,,,,
,,,,,,,,,,,,,,,,#N/A,#N/A,,,,,,,,,,,,,,
30,new delhi,90,Delhi,0,90,Delhi,1,106,nct of delhi,90,central,95,90,central,837,0,0,,,,,,,,,,,,,,
30,new delhi,90,Delhi,2,,,,106,nct of delhi,90,east,93,90,east,838,0,0,,,,,,,,,,,,,,
,,,,,,,,106,nct of delhi,90,new delhi,94,90,new delhi,839,0,0,,,,,,,,,,,,,,
,,,,,,,,106,nct of delhi,90,north,91,90,north,840,0,0,,,,,,,,,,,,,,
,,,,,,,,106,nct of delhi,90,north east,92,90,north east,841,0,0,,,,,,,,,,,,,,
,,,,,,,,106,nct of delhi,90,north west,90,90,north west,842,0,0,,,,,,,,,,,,,,
,,,,,,,,106,nct of delhi,,,,90,shahdara,843,0,0,,,,,,,,,,,,,,
,,,,,,,,106,nct of delhi,90,south,98,90,south,844,0,0,,,,,,,,,,,,,,
,,,,,,,,106,nct of delhi,,,,90,south east,845,0,0,,,,,,,,,,,,,,
,,,,,,,,106,nct of delhi,90,south west,97,90,south west,846,0,0,,,,,,,,,,,,,,
,,,,,,,,106,nct of delhi,90,west,96,90,west,847,0,0,,,,,,,,,,,,,,
34,arunachalpradesh,1227,TAWANG,1,1227,TAWANG,1,111,arunachal pradesh,1227,tawang,245,1227,tawang,245,ARUNACHAL PRADESH,TAWANG,,,,,,,,,,,,,,
34,arunachalpradesh,1228,WEST KAMENG,2,1228,WEST KAMENG,2,111,arunachal pradesh,1228,west kameng,246,1228,west kameng,246,ARUNACHAL PRADESH,WEST KAMENG,,,,,,,,,,,,,,
34,arunachalpradesh,1229,EAST KAMENG,3,1229,EAST KAMENG,3,111,arunachal pradesh,1229,east kameng,247,1229,east kameng,247,ARUNACHAL PRADESH,EAST KAMENG,,,,,,,,,,,,,,
,,,,,,,,111,arunachal pradesh,1234,papumpare,248,1234,papum pare,248,ARUNACHAL PRADESH,PAPUM PARE,,,,,,,,,,,,,,
34,arunachalpradesh,1231,UPPER SUBANSIRI,5,1231,UPPER SUBANSIRI,5,111,arunachal pradesh,1231,upper subansiri,249,1231,upper subansiri,249,ARUNACHAL PRADESH,UPPER SUBANSIRI,,,,,,,,,,,,,,
,,,,,,,,111,arunachal pradesh,1576,upper siang,252,1576,upper siang,252,ARUNACHAL PRADESH,UPPER SIANG,,,,,,,,,,,,,,
34,arunachalpradesh,,,,1233,CHANGLANG,10,111,arunachal pradesh,1233,changlang,253,1233,changlang,253,ARUNACHAL PRADESH,CHANGLANG,,,,,,,,,,,,,,
34,arunachalpradesh,1234,LOWER SUBANSIRI,4,1234,LOWER SUBANSIRI,4,111,arunachal pradesh,1234,lower subansiri,255,1234,lower subansiri,255,ARUNACHAL PRADESH,LOWER SUBANSIRI,,,,,,,,,,,,,,
34,arunachalpradesh,1235,DIBANG VALLEY,8,1235,DIBANG VALLEY,8,111,arunachal pradesh,1235,dibang valley,257,1235,dibang valley,257,ARUNACHAL PRADESH,DIBANG VALLEY,,,,,,,,,,,,,,
,,,,,,,,111,arunachal pradesh,1235,lower dibang valley,258,1235,lower dibang val,258,ARUNACHAL PRADESH,LOWER DIBANG VALLEY,,,,,,,,,,,,,,
,,,,,,,,111,arunachal pradesh,1579,anjaw,260,1579,anjaw,260,ARUNACHAL PRADESH,ANJAW,,,,,,,,,,,,,,
34,arunachalpradesh,1576,EAST SIANG,7,1576,EAST SIANG,7,111,arunachal pradesh,1576,east siang,251,1576,east siang,801,ARUNACHAL PRADESH,EAST SIANG,,,,,,,,,,,,,,
,,,,,,,,111,arunachal pradesh,,,,1234,kra daadi,802,ARUNACHAL PRADESH,KRA-DAADI,,,,,,,,,,,,,,
,,,,,,,,111,arunachal pradesh,1234,kurung kumey,256,1234,kurung kumey,803,ARUNACHAL PRADESH,KURUNG KUMEY,,,,,,,,,,,,,,
34,arunachalpradesh,1579,Lohit,9,1579,Lohit,9,111,arunachal pradesh,1579,lohit,259,1579,lohit,804,ARUNACHAL PRADESH,LOHIT,,,,,,,,,,,,,,
,,,,,,,,111,arunachal pradesh,,,,1580,longding,805,ARUNACHAL PRADESH,LONGDING,,,,,,,,,,,,,,
,,,,,,,,111,arunachal pradesh,,,,1579,namsai,806,ARUNACHAL PRADESH,NAMSAI,,,,,,,,,,,,,,
,,,,,,,,111,arunachal pradesh,,,,1576,siang,807,ARUNACHAL PRADESH,SIANG,,,,,,,,,,,,,,
34,arunachalpradesh,,,,1580,TIRAP,11,111,arunachal pradesh,1580,tirap,254,1580,tirap,808,ARUNACHAL PRADESH,TIRAP,,,,,,,,,,,,,,
34,arunachalpradesh,1581,WEST SIANG,6,1581,WEST SIANG,6,111,arunachal pradesh,1581,west siang,250,1581,west siang,809,ARUNACHAL PRADESH,WEST SIANG,,,,,,,,,,,,,,
35,tripura,1640,WEST TRIPURA,1,1640,WEST TRIPURA,1,115,tripura,1639,dhalai,291,1639,dhalai,291,TRIPURA,DHALAI,,,,,,,,,,,,,,
35,tripura,1639,NORTH TRIPURA,2,1639,NORTH TRIPURA,2,115,tripura,1639,south tripura,290,1639,gomati,914,TRIPURA,GOMATI,,,,,,,,,,,,,,
35,tripura,1639,SOUTH TRIPURA,3,1639,SOUTH TRIPURA,3,115,tripura,1640,west tripura,289,1640,khowai,915,TRIPURA,KHOWAI,,,,,,,,,,,,,,
,,,,,,,,115,tripura,1639,north tripura,292,1639,north tripura,916,TRIPURA,NORTH TRIPURA,,,,,,,,,,,,,,
,,,,,,,,115,tripura,,,,1640,sepahijala,917,TRIPURA,SEPAHIJALA,,,,,,,,,,,,,,
,,,,,,,,115,tripura,,,,1639,south tripura,918,TRIPURA,SOUTH TRIPURA,,,,,,,,,,,,,,
,,,,,,,,115,tripura,,,,1639,unakoti,919,TRIPURA,UNAKOTI,,,,,,,,,,,,,,
,,,,,,,,115,tripura,,,,1640,west tripura,920,TRIPURA,WEST TRIPURA,,,,,,,,,,,,,,
,,,,,,,,,,,,,,,,#N/A,#N/A,,,,,,,,,,,,,,
,,,,,,,,103,chandigarh,1053,chandigarh,55,1053,chandigarh,55,CHANDIGARH,CHANDIGARH,,,,,,,,,,,,,,
,,,,,,,,,,,,,,,,#N/A,#N/A,,,,,,,,,,,,,,
,,,,,,,,124,dadra & nagar ha,1440,diu,494,1440,diu,494,0,0,,,,,,,,,,,,,,
,,,,,,,,124,dadra & nagar ha,1441,daman,495,1441,daman,495,0,0,,,,,,,,,,,,,,
,,,,,,,,124,dadra & nagar ha,1442,dadra & nagar haveli,496,1442,dadra & nagar ha,496,DADAR AND NAGAR HAVELI,DADRA AND NAGAR HAVELI,,,,,,,,,,,,,,
,,,,,,,,,,,,,,,,#N/A,#N/A,,,,,,,,,,,,,,
,,,,,,,,129,lakshadweep,1522,lakshadweep,587,1522,lakshadweep,587,LAKSHADWEEP,LAKSHADWEEP,,,,,,,,,,,,,,
,,,,,,,,,,,,,,,,#N/A,#N/A,,,,,,,,,,,,,,
,,,,,,,,132,puducherry,1570,puducherry,635,1570,puducherry,635,PUDUCHERRY,PONDICHERRY,,,,,,,,,,,,,,
,,,,,,,,132,puducherry,1571,mahe,636,1571,mahe,636,PUDUCHERRY,0,,,,,,,,,,,,,,
,,,,,,,,132,puducherry,1572,karaikal,637,1572,karaikal,637,PUDUCHERRY,KARAIKAL,,,,,,,,,,,,,,
,,,,,,,,133,andaman & nicobar,1573,nicobars,638,1573,nicobars,638,A & N ISLANDS,NICOBARS,,,,,,,,,,,,,,
,,,,,,,,133,andaman & nicobar,1574,north & middle andaman,639,1574,north  & middle,639,A & N ISLANDS,NORTH AND MIDDLE ANDAMAN,,,,,,,,,,,,,,
,,,,,,,,133,andaman & nicobar,1575,south andaman,640,1575,south andaman,640,A & N ISLANDS,SOUTH ANDAMANS,,,,,,,,,,,,,,